Borough,Block,Lot,CD,CT2010,CB2010,SchoolDist,Council,ZipCode,FireComp,PolicePrct,HealthCenterDistrict,HealthArea,SanitBoro,SanitDistrict,SanitSub,Address,ZoneDist1,ZoneDist2,ZoneDist3,ZoneDist4,Overlay1,Overlay2,SPDist1,SPDist2,SPDist3,LtdHeight,SplitZone,BldgClass,LandUse,Easements,OwnerType,OwnerName,LotArea,BldgArea,ComArea,ResArea,OfficeArea,RetailArea,GarageArea,StrgeArea,FactryArea,OtherArea,AreaSource,NumBldgs,NumFloors,UnitsRes,UnitsTotal,LotFront,LotDepth,BldgFront,BldgDepth,Ext,ProxCode,IrrLotCode,LotType,BsmtCode,AssessLand,AssessTot,ExemptLand,ExemptTot,YearBuilt,YearAlter1,YearAlter2,HistDist,Landmark,BuiltFAR,ResidFAR,CommFAR,FacilFAR,BoroCode,BBL,CondoNo,Tract2010,XCoord,YCoord,ZoneMap,ZMCode,Sanborn,TaxMap,EDesigNum,APPBBL,APPDate,PLUTOMapID,FIRM07_FLAG,PFIRM15_FLAG,Version
MN,1198,53,107,169,2000,3,6,10024,E074,20,16,3500,1,7,3A,52 WEST 85 STREET           ,R8B      ,         ,         ,         ,    ,    ,      ,      ,      ,     ,N,A5,1,0,X,TRUSTEES OF COLUMBIA ,2043,6266,0,4866,0,0,0,0,0,0,2,1,4,1,1,20,102.17,20,70,E ,3,N,5,1,82470,276480,82470,276480,1900,1988,1998,Upper West Side/Central Park West Histor,                                   ,3.07,4,0,4,1,1011980053,0,169,992086,225329,5d , ,107S023 ,10408,     ,0,          ,1, , ,17V1  
MN,1867,9,109,201.01,1002,3,7,10025,E047,26,16,1800,1,9,1B,411 WEST 114 STREET         ,R8       ,         ,         ,         ,    ,    ,      ,      ,      ,     ,N,I5,8,0, ,TRUSTEES OF COLUMBIA ,10092,42672,42672,0,0,0,0,0,0,42672,2,1,6,24,24,100,100.92,100,86,  ,3,N,5,2,409500,2512350,0,0,1910,0,0,                                        ,                                   ,4.23,6.02,0,6.5,1,1018670009,0,20101,995068,232674,5c , ,107N067 ,10703,     ,0,          ,1, , ,17V1  
MN,1867,23,109,201.01,1002,3,7,10025,E047,26,16,1800,1,9,1B,402 WEST 115 STREET         ,R8       ,         ,         ,         ,    ,    ,      ,      ,      ,     ,N,D7,4,0, ,TRUSTEES OF COLUMBIA ,10417,47145,7145,40000,7145,0,0,0,0,0,2,1,6,32,36,100,104.17,76,96,  ,1,Y,3,2,360000,1424250,313200,1239098,1920,1988,0,                                        ,                                   ,4.53,6.02,0,6.5,1,1018670023,0,20101,995263,232680,5c , ,107N067 ,10703,     ,0,          ,1, , ,17V1  
MN,1867,29,109,201.01,1002,3,7,10025,E047,26,16,1800,1,9,1B,        WEST 115 STREET     ,R8       ,         ,         ,         ,    ,    ,      ,      ,      ,     ,N,G7,10,0,X,TRUSTEES OF COLUMBIAU,6500,0,0,0,0,0,0,0,0,0,7,0,0,0,0,65.33,100.92,0,0,  ,0,Y,5,5,268200,268200,268200,268200,0,0,0,                                        ,                                   ,0,6.02,0,6.5,1,1018670029,0,20101,995188,232724,5c , ,107N067 ,10703,     ,0,          ,1, , ,17V1  
MN,1867,30,109,201.01,1002,3,7,10025,E047,26,16,1800,1,9,1B,408 WEST 115 STREET         ,R8       ,         ,         ,         ,    ,    ,      ,      ,      ,     ,N,V1,11,0,X,TRUSTEES OF COLUMBIA ,3364,0,0,0,0,0,0,0,0,0,4,0,0,0,0,33.33,100.92,0,0,  ,0,N,5,5,359100,359100,359100,359100,0,0,0,                                        ,                                   ,0,6.02,0,6.5,1,1018670030,0,20101,995147,232747,5c , ,107N067 ,10703,     ,0,          ,1, , ,17V1  
MN,1867,31,109,201.01,1002,3,7,10025,E047,26,16,1800,1,9,1B,410 WEST 115 STREET         ,R8       ,         ,         ,         ,    ,    ,      ,      ,      ,     ,N,V1,11,0,X,TRUSTEES OF COLUMBIA ,3364,0,0,0,0,0,0,0,0,0,4,0,0,0,0,33.33,100.92,0,0,  ,0,N,5,5,359100,359100,359100,359100,0,0,0,                                        ,                                   ,0,6.02,0,6.5,1,1018670031,0,20101,995119,232763,5c , ,107N067 ,10703,     ,0,          ,1, , ,17V1  
MN,1867,33,109,201.01,1002,3,7,10025,E047,26,16,1800,1,9,1B,412 WEST 115 STREET         ,R8       ,         ,         ,         ,    ,    ,      ,      ,      ,     ,N,V1,11,0,X,TRUSTEES OF COLUMBIA ,3364,0,0,0,0,0,0,0,0,0,4,0,0,0,0,33.33,100.92,0,0,  ,0,N,5,5,359100,359100,359100,359100,0,0,0,                                        ,                                   ,0,6.02,0,6.5,1,1018670033,0,20101,995088,232779,5c , ,107N067 ,10703,     ,0,          ,1, , ,17V1  
MN,1867,42,109,201.01,1001,3,7,10025,E047,26,16,1800,1,9,1B,1125 AMSTERDAM AVENUE       ,R8       ,         ,         ,         ,C1-4,    ,      ,      ,      ,     ,N,W5,8,0,X,TRUSTEES OF COLUMBIA ,10068,83170,83170,0,0,0,0,0,0,83170,2,2,10,0,1,100.68,100,100.68,100,  ,0,N,3,5,351450,19064250,351450,19064250,1997,0,0,                                        ,                                   ,8.26,6.02,0,6.5,1,1018670042,0,20101,995018,233001,5c , ,107N067 ,10703,     ,1018670042,12/5/1991,1, , ,17V1  
MN,1867,46,109,201.01,1001,3,7,10025,E047,26,16,1800,1,9,1B,419 WEST 115 STREET         ,R8       ,         ,         ,         ,    ,    ,      ,      ,      ,     ,N,D1,3,0, ,TRUSTEES OF COLUMBIA ,6728,28188,0,28188,0,0,0,0,0,0,2,1,6,24,24,66.67,100.92,67,84,  ,2,N,5,2,432450,2025450,402179,1883670,1925,1985,0,                                        ,                                   ,4.19,6.02,0,6.5,1,1018670046,0,20101,995093,232960,5c , ,107N067 ,10703,     ,0,          ,1, , ,17V1  
MN,1867,49,109,201.01,1001,3,7,10025,E047,26,16,1800,1,9,1B,415 WEST 115 STREET         ,R8       ,         ,         ,         ,    ,    ,      ,      ,      ,     ,N,D1,3,0, ,TRUSTEES OF COLUMBIA ,6728,28188,0,28188,0,0,0,0,0,0,2,1,6,24,24,66.67,100.92,67,84,  ,3,N,5,2,390600,2112300,359352,1943316,1920,1985,0,                                        ,                                   ,4.19,6.02,0,6.5,1,1018670049,0,20101,995151,232928,5c , ,107N067 ,10703,     ,0,          ,1, , ,17V1  
MN,1867,52,109,201.01,1001,3,7,10025,E047,26,16,1800,1,9,1B,411 WEST 115 STREET         ,R8       ,         ,         ,         ,    ,    ,      ,      ,      ,     ,N,D1,3,0, ,TRUSTEES OF COLUMBIA ,6728,28188,0,28188,0,0,0,0,0,0,2,1,6,24,24,66.67,100.92,67,84,  ,3,N,5,2,450000,1743300,324000,1255176,1925,1985,0,                                        ,                                   ,4.19,6.02,0,6.5,1,1018670052,0,20101,995209,232895,5c , ,107N067 ,10703,     ,0,          ,1, , ,17V1  
MN,1867,54,109,201.01,1001,3,7,10025,E047,26,16,1800,1,9,1B,403 WEST 115 STREET         ,R8       ,         ,         ,         ,    ,    ,      ,      ,      ,     ,N,D1,3,0, ,TRUSTEES OF COLUMBIA ,6560,27821,0,27821,0,0,0,0,0,0,2,1,6,30,30,65,100.92,65,86,  ,3,N,5,2,372150,1785150,334935,1606635,1920,1987,0,                                        ,                                   ,4.24,6.02,0,6.5,1,1018670054,0,20101,995266,232863,5c , ,107N067 ,10703,     ,0,          ,1, , ,17V1  
MN,1867,64,109,201.01,1001,3,7,10027,E047,26,16,1800,1,9,1B,404 WEST 116 STREET         ,R8       ,         ,         ,         ,    ,    ,      ,      ,      ,     ,N,D1,3,0, ,TRUSTEES OF COLUMBIA ,6055,25380,4541,20839,4541,0,0,0,0,0,2,1,6,16,16,60,100.92,60,81,  ,2,N,5,2,91350,840150,82215,756135,1915,1998,0,                                        ,                                   ,4.19,6.02,0,6.5,1,1018670064,0,20101,995317,232958,5c , ,107N067 ,10703,     ,0,          ,1, , ,17V1  
MN,1867,67,109,201.01,1001,3,7,10027,E047,26,16,1800,1,9,1B,420 WEST 116 STREET         ,R8       ,         ,         ,         ,    ,    ,      ,      ,      ,     ,N,O6,5,0,P,TRUSTEES OF COLUMBIA ,7569,55067,55067,0,15750,0,0,0,0,39317,2,2,10,65,66,75,100.92,75,99,  ,0,N,5,5,302850,4390200,302850,4390200,1907,1989,1996,                                        ,                                   ,7.28,6.02,0,6.5,1,1018670067,0,20101,995257,232991,5c , ,107N067 ,10703,     ,0,          ,1, , ,17V1  
MN,1867,69,109,201.01,1001,3,7,10027,E047,26,16,1800,1,9,1B,424 WEST 116 STREET         ,R8       ,         ,         ,         ,    ,    ,      ,      ,      ,     ,N,O2,5,0,X,TRUSTEES OF COLUMBIA ,2523,7050,7050,0,7050,0,0,0,0,0,2,1,3,0,2,25,100.92,25,80,  ,3,N,5,2,76050,687150,76050,687150,1915,0,0,                                        ,                                   ,2.79,6.02,0,6.5,1,1018670069,0,20101,995215,233014,5c , ,107N067 ,10703,     ,0,          ,1, , ,17V1  
MN,1867,74,109,201.01,1001,3,7,10025,E047,26,16,1800,1,9,1B,1129 AMSTERDAM AVENUE       ,R8       ,         ,         ,         ,C1-4,    ,      ,      ,      ,     ,N,D7,4,0, ,TRUSTEES OF COLUMBIA ,10092,36664,5000,31664,0,5000,0,0,0,0,2,1,7,45,48,100.92,100,85,98,  ,2,N,3,2,720000,2749050,532800,2039689,1925,0,0,                                        ,                                   ,3.63,6.02,0,6.5,1,1018670074,0,20101,995071,233094,5c , ,107N067 ,10703,     ,0,          ,1, , ,17V1  
MN,1881,1,107,195,3001,3,7,10025,E076,24,16,2310,1,7,5B,2820 BROADWAY               ,R9A      ,         ,         ,         ,C1-5,    ,EC-3  ,      ,      ,     ,N,C7,4,0, ,TRUSTEES OF COLUMBIA ,3010,13600,3000,10600,0,3000,0,0,0,0,2,1,5,12,14,35,86,34,86,  ,2,N,5,2,180000,723150,0,0,1925,0,0,                                        ,                                   ,4.52,7.52,0,7.52,1,1018810001,0,195,993468,232024,5d , ,107S051 ,10703,     ,0,          ,1, , ,17V1  
MN,1881,3,107,195,3001,3,7,10025,E076,24,16,2310,1,7,5B,2824 BROADWAY               ,R9A      ,R8B      ,         ,         ,C1-5,    ,EC-3  ,      ,      ,     ,Y,W6,8,0,P,TRUSTEES OF COLUMBIA ,17104,161502,161502,0,11049,11838,0,0,0,68762,2,1,12,27,29,136.83,125,136.83,125,  ,3,N,5,2,2052000,26230950,1826280,22696117,1998,0,0,                                        ,                                   ,9.44,7.52,0,7.52,1,1018810003,0,195,993529,232090,5d , ,107S051 ,10703,     ,1018810003,9/13/2013,1, , ,17V1  
MN,1881,6,107,195,3001,3,7,10025,E076,24,16,2310,1,7,5B,253 WEST 109 STREET         ,R8B      ,R9A      ,         ,         ,C1-5,    ,      ,      ,      ,     ,Y,C2,2,0, ,TRUSTEES OF COLUMBIA ,1365,4946,0,4946,0,0,0,0,0,0,2,1,5,5,5,39,35,39,35,  ,3,N,5,5,14661,74423,0,0,1920,0,0,                                        ,                                   ,3.62,4,0,4,1,1018810006,0,195,993524,231993,5d , ,107S051 ,10703,     ,0,          ,1, , ,17V1  
MN,1882,42,109,199,6001,3,7,10025,E047,26,16,2310,1,9,1B,518 WEST 111 STREET         ,R8       ,         ,         ,         ,    ,    ,      ,      ,      ,     ,N,D1,3,0, ,TRUSTEES OF COLUMBIA ,9948,43002,0,43002,0,0,0,0,0,0,2,1,6,32,32,108.33,91.83,108,79,  ,3,N,5,2,315000,1490850,296100,1401399,1925,1988,0,                                        ,                                   ,4.32,6.02,0,6.5,1,1018820042,0,199,994056,232160,5d , ,107N052 ,10703,     ,0,          ,1, , ,17V1  
MN,1883,14,109,199,5000,3,7,10025,E047,26,16,2310,1,9,1B,529 WEST 111 STREET         ,R8       ,         ,         ,         ,    ,    ,      ,      ,      ,     ,N,D1,3,0, ,TRUSTEES OF COLUMBIA ,10092,43540,0,43540,0,0,0,0,0,0,2,1,6,37,37,100,100.92,100,85,  ,3,N,5,2,360000,1876050,291600,1519602,1920,0,0,                                        ,                                   ,4.31,6.02,0,6.5,1,1018830014,0,199,994010,232361,5d ,Y,107N052 ,10703,     ,0,          ,1, , ,17V1  
MN,1883,48,109,199,5000,3,7,10025,E047,26,16,2310,1,9,1B,522 WEST 112 STREET         ,R8       ,         ,         ,         ,    ,    ,      ,      ,      ,     ,N,C1,2,0, ,TRUSTEES OF COLUMBIA ,5046,21180,0,21180,0,0,0,0,0,0,2,1,6,24,24,50,100.92,50,87,  ,2,N,5,2,180000,830250,142200,655898,1907,0,0,                                        ,                                   ,4.2,6.02,0,6.5,1,1018830048,0,199,994083,232440,5c , ,107N052 ,10703,     ,0,          ,1, , ,17V1  
MN,1883,54,109,199,5000,3,7,10025,E047,26,16,2310,1,9,1B,534 WEST 112 STREET         ,R8       ,         ,         ,         ,    ,    ,      ,      ,      ,     ,N,K2,5,0,X,TRUSTEES OF COLUMBIA ,7569,12375,12375,0,0,12375,0,0,0,0,2,1,2,0,2,75,100.92,75,100,  ,0,N,5,5,342000,1037700,342000,1037700,1997,0,0,                                        ,                                   ,1.63,6.02,0,6.5,1,1018830054,0,199,993940,232519,5c , ,107N052 ,10703,     ,0,          ,1, , ,17V1  
MN,1883,57,109,199,5000,3,7,10025,E047,26,16,2310,1,9,1B,540 WEST 112 STREET         ,R8       ,         ,         ,         ,    ,    ,      ,      ,      ,     ,N,D1,3,0, ,TRUSTEES OF COLUMBIA ,5046,21573,0,21573,0,0,0,0,0,0,2,1,6,24,24,50,100.92,50,83,  ,1,N,5,2,196200,978750,174618,871088,1920,0,0,                                        ,                                   ,4.28,6.02,0,6.5,1,1018830057,0,199,993887,232549,5c , ,107N052 ,10703,     ,0,          ,1, , ,17V1  
MN,1883,59,109,199,5000,3,7,10025,E047,26,16,2310,1,9,1B,2874 BROADWAY               ,R8       ,         ,         ,         ,C1-4,    ,      ,      ,      ,     ,N,H8,8,0, ,TRUSTEES OF COLUMBIA ,15771,123205,10000,0,0,10000,0,0,0,0,2,1,10,0,8,126.17,125,126,114,  ,2,Y,3,2,1064700,6969600,1000818,6551424,1908,0,0,                                        ,                                   ,7.81,6.02,0,6.5,1,1018830059,0,199,993802,232586,5c , ,107N052 ,10703,     ,0,          ,1, , ,17V1  
MN,1884,1,109,199,4000,3,7,10025,E047,26,16,2310,1,9,1B,2880 BROADWAY               ,R8       ,         ,         ,         ,C1-4,    ,      ,      ,      ,     ,N,O6,5,0,P,TRUSTEES OF COLUMBIA ,10092,59018,59018,0,47489,5529,0,0,0,6000,2,1,7,0,6,100.92,100,101,95,  ,0,N,3,5,720000,6488550,604800,5450382,1900,0,0,                                        ,                                   ,5.85,6.02,0,6.5,1,1018840001,0,199,993870,232737,5c , ,107N052 ,10703,     ,0,          ,1, , ,17V1  
MN,1884,6,109,199,4000,3,7,10025,E047,26,16,2310,1,9,1B,539 WEST 112 STREET         ,R8       ,         ,         ,         ,    ,    ,      ,      ,      ,     ,N,D1,3,0, ,TRUSTEES OF COLUMBIA ,10092,43050,0,43050,0,0,0,0,0,0,2,1,6,43,43,100,100.92,100,84,  ,2,N,5,2,405000,1507050,348300,1296063,1920,0,0,                                        ,                                   ,4.27,6.02,0,6.5,1,1018840006,0,199,993959,232688,5c , ,107N052 ,10703,     ,0,          ,1, , ,17V1  
MN,1884,10,109,199,4000,3,7,10025,E047,26,16,2310,1,9,1B,535 WEST 112 STREET         ,R8       ,         ,         ,         ,    ,    ,      ,      ,      ,     ,N,D9,3,0,X,TRUSTEES OF COLUMBIA ,2523,11433,0,11433,0,0,0,0,0,0,2,1,6,12,12,25,100.92,25,87.92,  ,0,N,5,2,90000,520650,90000,520650,1906,0,0,                                        ,                                   ,4.53,6.02,0,6.5,1,1018840010,0,199,994015,232656,5c , ,107N052 ,10703,     ,0,          ,1, , ,17V1  
MN,1884,11,109,199,4000,3,7,10025,E047,26,16,2310,1,9,1B,531 WEST 112 STREET         ,R8       ,         ,         ,         ,    ,    ,      ,      ,      ,     ,N,D3,3,0, ,TRUSTEES OF COLUMBIA ,10100,75569,1301,74268,0,0,0,0,0,1301,2,1,8,41,41,100,100.92,100,85,  ,3,N,5,2,351450,1723950,319820,1568796,1912,0,0,                                        ,                                   ,7.48,6.02,0,6.5,1,1018840011,0,199,994071,232626,5c , ,107N052 ,10703,     ,0,          ,1, , ,17V1  
MN,1884,15,109,199,4000,3,7,10025,E047,26,16,2310,1,9,1B,523 WEST 112 STREET         ,R8       ,         ,         ,         ,    ,    ,      ,      ,      ,     ,N,D3,3,0, ,TRUSTEES OF COLUMBIA ,7569,54567,0,54567,0,0,0,0,0,0,2,1,8,49,49,75,100.92,75,85,  ,3,N,5,2,360000,2203650,320400,1961249,1925,0,0,                                        ,                                   ,7.21,6.02,0,6.5,1,1018840015,0,199,994148,232583,5c , ,107N052 ,10703,     ,0,          ,1, , ,17V1  
MN,1884,18,109,199,4000,3,7,10025,E047,26,16,2310,1,9,1B,521 WEST 112 STREET         ,R8       ,         ,         ,         ,    ,    ,      ,      ,      ,     ,N,D3,3,0, ,TRUSTEES OF COLUMBIA ,9375,47731,0,47731,0,0,0,0,0,0,2,1,8,44,44,75,125.33,75,98,  ,3,Y,5,2,675000,2135250,641250,2028488,1920,0,0,                                        ,                                   ,5.09,6.02,0,6.5,1,1018840018,0,199,994216,232548,5c , ,107N052 ,10703,     ,0,          ,1, , ,17V1  
MN,1884,21,109,199,4000,3,7,10025,E047,26,16,2310,1,9,1B,511 WEST 112 STREET         ,R8       ,         ,         ,         ,    ,    ,      ,      ,      ,     ,N,D1,3,0, ,TRUSTEES OF COLUMBIA ,6661,28374,0,28374,0,0,0,0,0,0,2,1,6,24,24,66,100.92,66,92,  ,3,N,5,2,270000,1708650,232200,1469439,1925,1987,0,                                        ,                                   ,4.26,6.02,0,6.5,1,1018840021,0,199,994275,232513,5c , ,107N052 ,10703,     ,0,          ,1, , ,17V1  
MN,1884,24,109,199,4000,3,7,10025,E047,26,16,2310,1,9,1B,509 WEST 112 STREET         ,R8       ,         ,         ,         ,    ,    ,      ,      ,      ,     ,N,D1,3,0, ,TRUSTEES OF COLUMBIA ,3431,15102,0,15102,0,0,0,0,0,0,2,1,6,18,18,34,100.92,34,87,  ,3,N,5,2,77850,685800,70844,624080,1925,0,0,                                        ,                                   ,4.4,6.02,0,6.5,1,1018840024,0,199,994318,232489,5c , ,107N052 ,10703,     ,0,          ,1, , ,17V1  
MN,1884,40,109,199,4000,3,7,10025,E047,26,16,2310,1,9,1A,506 WEST 113 STREET         ,R8       ,         ,         ,         ,    ,    ,      ,      ,      ,     ,N,D1,3,0, ,TRUSTEES OF COLUMBIA ,5458,24446,0,24446,0,0,0,0,0,0,2,1,6,22,22,54.08,100.92,45,85,  ,2,N,5,2,225000,882000,209250,820261,1925,0,0,                                        ,                                   ,4.48,6.02,0,6.5,1,1018840040,0,199,994412,232555,5c , ,107N052 ,10703,     ,0,          ,1, , ,17V1  
MN,1884,41,109,199,4000,3,7,10025,E047,26,16,2310,1,9,1A,        WEST 113 STREET     ,R8       ,         ,         ,         ,    ,    ,      ,      ,      ,     ,N,V1,11,0,P,TRUSTEES OF COLUMBIA ,3213,0,0,0,0,0,0,0,0,0,4,0,0,0,0,31.83,100.92,0,0,  ,0,N,5,5,342450,342450,0,0,0,0,0,                                        ,                                   ,0,6.02,0,6.5,1,1018840041,0,199,994375,232575,5c , ,107N052 ,10703,     ,0,          ,1, , ,17V1  
MN,1884,42,109,199,4000,3,7,10025,E047,26,16,2310,1,9,1A,514 WEST 113 STREET         ,R8       ,         ,         ,         ,    ,    ,      ,      ,      ,     ,N,O1,5,0,X,TRUSTEES OF COLUMBIA ,2523,1875,1875,0,1875,0,0,0,0,0,2,1,1,0,1,25,100.92,25,76,  ,2,N,5,0,45000,245700,45000,245700,1910,0,0,                                        ,                                   ,0.74,6.02,0,6.5,1,1018840042,0,199,994351,232589,5c , ,107N052 ,10703,     ,0,          ,1, , ,17V1  
MN,1884,43,109,199,4000,3,7,10025,E047,26,16,2310,1,9,1A,526 WEST 113 STREET         ,R8       ,         ,         ,         ,    ,    ,      ,      ,      ,     ,N,D3,3,0, ,TRUSTEES OF COLUMBIA ,7569,39680,0,39680,0,0,0,0,0,0,2,1,8,39,39,75,100.92,75,87,  ,3,Y,5,2,495000,1771650,445500,1594485,1910,0,0,                                        ,                                   ,5.24,6.02,0,6.5,1,1018840043,0,199,994309,232615,5c , ,107N052 ,10703,     ,0,          ,1, , ,17V1  
MN,1884,46,109,199,4000,3,7,10025,E047,26,16,2310,1,9,1A,530 WEST 113 STREET         ,R8       ,         ,         ,         ,    ,    ,      ,      ,      ,     ,N,D3,3,0,P,TRUSTEES OF COLUMBIA ,5659,31851,0,31851,0,0,0,0,0,0,2,1,8,24,24,50,113.17,50,99,  ,3,Y,5,2,175500,873900,152685,760294,1910,0,0,                                        ,                                   ,5.63,6.02,0,6.5,1,1018840046,0,199,994251,232643,5c , ,107N052 ,10703,     ,0,          ,1, , ,17V1  
MN,1884,48,109,199,4000,3,7,10025,E047,26,16,2310,1,9,1A,536 WEST 113 STREET         ,R8       ,         ,         ,         ,    ,    ,      ,      ,      ,     ,N,D3,3,0, ,TRUSTEES OF COLUMBIA ,7575,56780,0,56780,0,0,0,0,0,0,2,1,8,48,48,75,100.92,75,81,  ,3,N,5,2,495000,2014200,480150,1953775,1919,0,0,                                        ,                                   ,7.5,6.02,0,6.5,1,1018840048,0,199,994198,232673,5c , ,107N052 ,10703,     ,0,          ,1, , ,17V1  
MN,1884,51,109,199,4000,3,7,10025,E047,26,16,2310,1,9,1A,540 WEST 113 STREET         ,R8       ,         ,         ,         ,    ,    ,      ,      ,      ,     ,N,C4,2,0,X,TRUSTEES OF COLUMBIA ,1892,5710,0,5710,0,0,0,0,0,0,2,1,4,10,10,18.75,100.92,19,67,E ,3,N,5,1,41731,182449,41731,182449,1920,0,0,                                        ,                                   ,3.02,6.02,0,6.5,1,1018840051,0,199,994157,232696,5c , ,107N052 ,10703,     ,0,          ,1, , ,17V1  
MN,1884,52,109,199,4000,3,7,10025,E047,26,16,2310,1,9,1A,544 WEST 113 STREET         ,R8       ,         ,         ,         ,    ,    ,      ,      ,      ,     ,N,C7,4,0, ,TRUSTEES OF COLUMBIA ,1892,7040,1430,5610,0,1430,0,0,0,0,2,1,4,8,9,18.75,100.92,19,67,E ,3,N,5,1,59147,182449,56781,175151,1920,0,0,                                        ,                                   ,3.72,6.02,0,6.5,1,1018840052,0,199,994124,232714,5c , ,107N052 ,10703,     ,0,          ,1, , ,17V1  
MN,1884,53,109,199,4000,3,7,10025,E047,26,16,2310,1,9,1A,546 WEST 113 STREET         ,R8       ,         ,         ,         ,    ,    ,      ,      ,      ,     ,N,C5,2,0,P,TRUSTEES OF COLUMBIA ,1892,5710,0,5710,0,0,0,0,0,0,2,1,4,8,8,18.75,100.92,19,74,E ,3,N,5,1,34862,129951,0,0,1920,0,0,                                        ,                                   ,3.02,6.02,0,6.5,1,1018840053,0,199,994108,232723,5c , ,107N052 ,10703,     ,0,          ,1, , ,17V1  
MN,1884,54,109,199,4000,3,7,10025,E047,26,16,2310,1,9,1A,548 WEST 113 STREET         ,R8       ,         ,         ,         ,    ,    ,      ,      ,      ,     ,N,W6,8,0,X,TRUSTEES OF COLUMBIA ,1716,5235,5235,0,0,0,0,0,0,5235,2,1,4,9,9,17,100.92,17,70,E ,3,N,5,2,109350,540900,109350,540900,1910,0,0,                                        ,                                   ,3.05,6.02,0,6.5,1,1018840054,0,199,994092,232732,5c , ,107N052 ,10703,     ,0,          ,1, , ,17V1  
MN,1884,55,109,199,4000,3,7,10025,E047,26,16,2310,1,9,1A,552 WEST 113 STREET         ,R8       ,         ,         ,         ,    ,    ,      ,      ,      ,     ,N,W6,8,0,X,TRUSTEES OF COLUMBIA ,1716,4975,4975,0,0,0,0,0,0,4975,2,1,4,10,10,17,100.92,17,64,E ,3,N,5,1,59850,161100,59850,161100,1910,0,0,                                        ,                                   ,2.9,6.02,0,6.5,1,1018840055,0,199,994061,232749,5c , ,107N052 ,10703,     ,0,          ,1, , ,17V1  
MN,1884,56,109,199,4000,3,7,10025,E047,26,16,2310,1,9,1A,554 WEST 113 STREET         ,R8       ,         ,         ,         ,    ,    ,      ,      ,      ,     ,N,C5,2,0, ,TRUSTEES OF COLUMBIA ,1817,5250,0,5250,0,0,0,0,0,0,2,1,4,8,8,18,100.92,18,65,E ,3,N,5,1,41203,197730,37083,177959,1920,0,0,                                        ,                                   ,2.89,6.02,0,6.5,1,1018840056,0,199,994046,232757,5c , ,107N052 ,10703,     ,0,          ,1, , ,17V1  
MN,1884,57,109,199,4000,3,7,10025,E047,26,16,2310,1,9,1A,558 WEST 113 STREET         ,R8       ,         ,         ,         ,    ,    ,      ,      ,      ,     ,N,C5,2,0,X,TRUSTEES OF COLUMBIA ,1917,5625,0,5625,0,0,0,0,0,0,2,1,5,9,9,19,100.92,19,67,E ,3,N,5,1,62578,234579,62578,234579,1920,0,0,                                        ,                                   ,2.93,6.02,0,6.5,1,1018840057,0,199,994014,232775,5c , ,107N052 ,10703,     ,0,          ,1, , ,17V1  
MN,1884,58,109,199,4000,3,7,10025,E047,26,16,2310,1,9,1A,560 WEST 113 STREET         ,R8       ,         ,         ,         ,    ,    ,      ,      ,      ,     ,N,W6,8,0,X,TRUSTEES OF COLUMBIA ,1917,5773,5773,0,0,0,0,0,0,5773,2,1,4,0,2,19,100.92,19,70,  ,3,N,5,1,63900,596250,63900,596250,1900,1985,0,                                        ,                                   ,3.01,6.02,0,6.5,1,1018840058,0,199,993997,232785,5c , ,107N052 ,10703,     ,0,          ,1, , ,17V1  
MN,1884,151,109,199,4000,3,7,10025,E047,26,16,2310,1,9,1A,542 WEST 113 STREET         ,R8       ,         ,         ,         ,    ,    ,      ,      ,      ,     ,N,C4,2,0,X,TRUSTEES OF COLUMBIA ,1892,5610,0,5610,0,0,0,0,0,0,2,1,4,9,9,18.75,100.92,19,67,E ,3,N,5,1,45612,182449,45612,182449,1920,0,0,                                        ,                                   ,2.97,6.02,0,6.5,1,1018840151,0,199,994140,232705,5c , ,107N052 ,10703,     ,0,          ,1, , ,17V1  
MN,1884,156,109,199,4000,3,7,10025,E047,26,16,2310,1,9,1A,556 WEST 113 STREET         ,R8       ,         ,         ,         ,    ,    ,      ,      ,      ,     ,N,C5,2,0,X,TRUSTEES OF COLUMBIA ,1817,5250,0,5250,0,0,0,0,0,0,2,1,4,12,12,18,100.92,18,67,E ,3,N,5,1,90000,319950,90000,319950,1920,0,0,                                        ,                                   ,2.89,6.02,0,6.5,1,1018840156,0,199,994030,232766,5c , ,107N052 ,10703,     ,0,          ,1, , ,17V1  
MN,1885,15,109,199,3000,3,7,10025,E047,26,16,2310,1,9,1A,533 WEST 113 STREET         ,R8       ,         ,         ,         ,    ,    ,      ,      ,      ,     ,N,D3,3,0, ,TRUSTEES OF COLUMBIA ,5046,27509,0,27509,0,0,0,0,0,0,2,1,8,32,32,50,100.92,50,88,  ,3,N,5,0,315000,1476450,296100,1387863,1915,1986,0,                                        ,                                   ,5.45,6.02,0,6.5,1,1018850015,0,199,994265,232819,5c , ,107N065 ,10703,     ,0,          ,1, , ,17V1  
MN,1885,24,109,199,3000,3,7,10025,E047,26,16,2310,1,9,1A,511 WEST 113 STREET         ,R8       ,         ,         ,         ,    ,    ,      ,      ,      ,     ,N,D3,3,0, ,TRUSTEES OF COLUMBIA ,7556,42360,0,42360,0,0,0,0,0,0,2,1,8,42,42,75,100.75,75,82,  ,3,N,5,2,495000,1759950,470250,1671953,1910,1988,0,                                        ,                                   ,5.61,6.02,0,6.5,1,1018850024,0,199,994472,232704,5c , ,107N065 ,10703,     ,0,          ,1, , ,17V1  
MN,1885,40,109,199,3000,3,7,10025,E047,26,16,2310,1,9,1A,514 WEST 114 STREET         ,R8       ,         ,         ,         ,    ,    ,      ,      ,      ,     ,N,D3,3,0,P,TRUSTEES OF COLUMBIA ,7575,57300,0,57300,0,0,0,0,0,0,2,1,8,49,49,75,101,75,82,  ,3,N,5,2,360000,1842750,349200,1787469,1920,1962,0,                                        ,                                   ,7.56,6.02,0,6.5,1,1018850040,0,199,994500,232807,5c , ,107N065 ,10703,     ,0,          ,1, , ,17V1  
MN,1885,43,109,199,3000,3,7,10025,E047,26,16,2310,1,9,1A,520 WEST 114 STREET         ,R8       ,         ,         ,         ,    ,    ,      ,      ,      ,     ,N,D3,3,0, ,TRUSTEES OF COLUMBIA ,7575,57430,0,57430,0,0,0,0,0,0,2,1,8,37,37,75,101,75,84,  ,3,N,5,2,274050,1495800,241164,1316304,1921,0,0,                                        ,                                   ,7.58,6.02,0,6.5,1,1018850043,0,199,994434,232843,5c , ,107N065 ,10703,     ,0,          ,1, , ,17V1  
MN,1885,46,109,199,3000,3,7,10025,E047,26,16,2310,1,9,1A,524 WEST 114 STREET         ,R8       ,         ,         ,         ,    ,    ,      ,      ,      ,     ,N,C4,2,0, ,TRUSTEES OF COLUMBIA ,2523,8040,0,8040,0,0,0,0,0,0,2,1,4,10,10,25,100.92,25,68,E ,3,N,5,2,70021,317807,65120,295560,1920,1988,0,                                        ,                                   ,3.19,6.02,0,6.5,1,1018850046,0,199,994391,232867,5c , ,107N065 ,10703,     ,0,          ,1, , ,17V1  
MN,1885,48,109,199,3000,3,7,10025,E047,26,16,2310,1,9,1A,528 WEST 114 STREET         ,R8       ,         ,         ,         ,    ,    ,      ,      ,      ,     ,N,C5,2,0,X,TRUSTEES OF COLUMBIA ,2018,5800,0,5800,0,0,0,0,0,0,2,1,4,7,7,20,100.92,20,68,E ,3,N,5,2,14127,191185,14127,191185,1920,1987,2009,                                        ,                                   ,2.87,6.02,0,6.5,1,1018850048,0,199,994350,232889,5c , ,107N065 ,10703,     ,0,          ,1, , ,17V1  
MN,1885,52,109,199,3000,3,7,10025,E047,26,16,2310,1,9,1A,538 WEST 114 STREET         ,R8       ,         ,         ,         ,    ,    ,      ,      ,      ,     ,N,C5,2,0,P,TRUSTEES OF COLUMBIA ,2018,5800,0,5800,0,0,0,0,0,0,2,1,4,13,13,20,100.92,20,64,E ,3,N,5,2,135000,422100,0,0,1900,0,0,                                        ,                                   ,2.87,6.02,0,6.5,1,1018850052,0,199,994262,232938,5c , ,107N065 ,10703,     ,0,          ,1, , ,17V1  
MN,1885,54,109,199,3000,3,7,10025,E047,26,16,2310,1,9,1A,544 WEST 114 STREET         ,R8       ,         ,         ,         ,    ,    ,      ,      ,      ,     ,N,C4,2,0,X,TRUSTEES OF COLUMBIA ,2018,6230,0,6230,0,0,0,0,0,0,2,1,4,9,9,20,100.92,20,64,E ,3,N,5,2,26824,151171,26824,151171,1900,1987,0,                                        ,                                   ,3.09,6.02,0,6.5,1,1018850054,0,199,994210,232967,5c , ,107N065 ,10703,     ,0,          ,1, , ,17V1  
MN,1885,58,109,199,3000,3,7,10025,E047,26,16,2310,1,9,1A,554 WEST 114 STREET         ,R8       ,         ,         ,         ,    ,    ,      ,      ,      ,     ,N,C4,2,0,X,TRUSTEES OF COLUMBIA ,2018,6033,0,6033,0,0,0,0,0,0,2,1,5,10,10,20,100.92,20,66,E ,2,N,5,2,47959,234579,47959,234579,1900,0,0,                                        ,                                   ,2.99,6.02,0,6.5,1,1018850058,0,199,994125,233014,5c , ,107N065 ,10703,     ,0,          ,1, , ,17V1  
MN,1885,119,109,199,3000,3,7,10025,E047,26,16,2310,1,9,1A,525 WEST 113 STREET         ,R8       ,         ,         ,         ,    ,    ,      ,      ,      ,     ,N,C4,2,0, ,TRUSTEES OF COLUMBIA ,2018,6570,0,6570,0,0,0,0,0,0,2,1,5,10,10,20,100.92,20,70,  ,3,N,5,2,21823,124239,18986,108087,1915,1980,0,                                        ,                                   ,3.26,6.02,0,6.5,1,1018850119,0,199,994347,232773,5c , ,107N065 ,10703,     ,0,          ,1, , ,17V1  
MN,1885,148,109,199,3000,3,7,10025,E047,26,16,2310,1,9,1A,530 WEST 114 STREET         ,R8       ,         ,         ,         ,    ,    ,      ,      ,      ,     ,N,C4,2,0, ,TRUSTEES OF COLUMBIA ,2018,5620,0,5620,0,0,0,0,0,0,2,1,4,9,9,20,100.92,20,64,  ,3,N,5,2,33969,202374,30912,184160,1900,1988,0,                                        ,                                   ,2.78,6.02,0,6.5,1,1018850148,0,199,994331,232900,5c , ,107N065 ,10703,     ,0,          ,1, , ,17V1  
MN,1893,3,107,195,1005,3,6,10025,E076,24,16,2310,1,7,5B,362 RIVERSIDE DRIVE         ,R8       ,         ,         ,         ,    ,    ,      ,      ,      ,     ,N,D3,3,0, ,TRUSTEES OF COLUMBIA ,15183,124458,0,124458,0,0,0,0,0,0,2,1,11,41,41,151.83,100,152,100,  ,3,N,3,2,585000,8816400,579150,8728236,1905,1985,0,                                        ,                                   ,8.2,6.02,0,6.5,1,1018930003,0,195,992944,232142,5d , ,107S049 ,10703,     ,0,          ,1, , ,17V1  
MN,1895,16,109,199,1007,3,7,10025,E047,26,16,2310,1,9,1B,2881 BROADWAY               ,R8       ,         ,         ,         ,C1-4,    ,      ,      ,      ,     ,N,D7,4,0,P,TRUSTEES OF COLUMBIA ,10092,59131,4900,54231,0,4900,0,0,0,0,2,1,7,38,43,100.92,100.92,101,92,  ,2,N,3,2,967500,3842100,609525,2420524,1905,0,0,                                        ,                                   ,5.86,6.02,0,6.5,1,1018950016,0,199,993660,232854,5c , ,107N063 ,10703,     ,0,          ,1, , ,17V1  
MN,1895,23,109,199,1007,3,7,10025,E047,26,16,2310,1,9,1A,2891 BROADWAY               ,R8       ,         ,         ,         ,C1-4,    ,      ,      ,      ,     ,N,D7,4,0,P,TRUSTEES OF COLUMBIA ,10092,88332,5000,83332,0,5000,0,0,0,0,2,1,13,250,255,100.92,100,100,88,  ,3,N,3,2,1170000,6588000,1041300,5863321,1911,1988,0,                                        ,                                   ,8.75,6.02,0,6.5,1,1018950023,0,199,993712,232947,5c , ,107N063 ,10703,     ,0,          ,1, , ,17V1  
MN,1895,27,109,199,1007,3,7,10025,E047,26,16,2310,1,9,1A,608 WEST 113 STREET         ,R8       ,         ,         ,         ,    ,    ,      ,      ,      ,     ,N,C4,2,0,X,TRUSTEES OF COLUMBIA ,2523,7210,0,7210,0,0,0,0,0,0,2,1,4,11,11,25,100.92,25,58,  ,3,N,5,2,90000,449100,90000,449100,1911,1987,0,                                        ,                                   ,2.86,6.02,0,6.5,1,1018950027,0,199,993608,233004,5c , ,107N063 ,10703,     ,0,          ,1, , ,17V1  
MN,1895,28,109,199,1007,3,7,10025,E047,26,16,2310,1,9,1A,610 WEST 113 STREET         ,R8       ,         ,         ,         ,    ,    ,      ,      ,      ,     ,N,D1,3,0, ,TRUSTEES OF COLUMBIA ,4239,18120,0,18120,0,0,0,0,0,0,2,1,6,18,18,42,100.92,42,84,  ,3,N,5,2,25650,807750,23085,726975,1905,1987,0,                                        ,                                   ,4.27,6.02,0,6.5,1,1018950028,0,199,993579,233020,5c , ,107N063 ,10703,     ,0,          ,1, , ,17V1  
MN,1895,39,109,199,1000,3,7,10025,E047,26,16,2310,1,9,1A,410 RIVERSIDE DRIVE         ,R8       ,         ,         ,         ,    ,    ,      ,      ,      ,     ,N,D3,3,0, ,TRUSTEES OF COLUMBIA ,9942,108401,0,108401,0,0,0,0,0,0,2,1,12,57,57,104.33,112,104,102,  ,1,Y,3,1,351000,2803500,326430,2607255,1910,1989,0,                                        ,                                   ,10.9,6.02,0,6.5,1,1018950039,0,199,993432,233283,5c , ,107N063 ,10703,     ,0,          ,1, , ,17V1  
MN,1895,49,109,199,1000,3,7,10025,E047,26,16,2310,1,9,1A,611 WEST 113 STREET         ,R8       ,         ,         ,         ,    ,    ,      ,      ,      ,     ,N,G7,10,0,X,TRUSTEES OF COLUMBIA ,7500,0,0,0,0,0,0,0,0,0,7,0,0,0,0,75,100,0,0,  ,0,N,5,5,513450,513450,513450,513450,0,0,0,                                        ,                                   ,0,6.02,0,6.5,1,1018950049,0,199,993642,233165,5c , ,107N063 ,10703,     ,0,          ,1, , ,17V1  
MN,1895,52,109,199,1000,3,7,10025,E047,26,16,2310,1,9,1A,607 WEST 113 STREET         ,R8       ,         ,         ,         ,    ,    ,      ,      ,      ,     ,N,D3,3,0, ,TRUSTEES OF COLUMBIA ,7500,41884,1870,40014,1870,0,0,0,0,0,2,1,8,23,24,75,100,75,82,  ,3,N,5,2,270000,1270350,237600,1117908,1910,1987,0,                                        ,                                   ,5.58,6.02,0,6.5,1,1018950052,0,199,993707,233129,5c , ,107N063 ,10703,     ,0,          ,1, , ,17V1  
MN,1895,55,109,199,1000,3,7,10025,E047,26,16,2310,1,9,1A,2901 BROADWAY               ,R8       ,         ,         ,         ,C1-4,    ,      ,      ,      ,     ,N,D6,4,0, ,TRUSTEES OF COLUMBIA ,17592,178897,13687,165210,1687,12000,0,0,0,0,2,2,12,131,141,175.92,100,98,174,  ,2,N,3,2,1260000,8308800,1045800,6896305,1910,0,0,                                        ,                                   ,10.17,6.02,0,6.5,1,1018950055,0,199,993804,233117,5c , ,107N063 ,10703,     ,0,          ,1, , ,17V1  
MN,1895,62,109,199,1000,3,7,10025,E047,26,16,2310,1,9,1A,2915 BROADWAY               ,R8       ,         ,         ,         ,C1-4,    ,      ,      ,      ,     ,N,C7,4,0,P,TRUSTEES OF COLUMBIA ,2523,11748,1000,10748,0,1000,0,0,0,0,2,1,5,9,10,25,100.92,25,94,  ,2,N,3,2,396804,701742,293635,519289,1916,0,0,                                        ,                                   ,4.66,6.02,0,6.5,1,1018950062,0,199,993854,233207,5c , ,107N063 ,10703,     ,0,          ,1, , ,17V1  
MN,1895,63,109,199,1000,3,7,10025,E047,26,16,2310,1,9,1A,        WEST 114 STREET     ,R8       ,         ,         ,         ,    ,    ,      ,      ,      ,     ,N,V1,11,0, ,TRUSTEES OF COLUMBIA ,2592,0,0,0,0,0,0,0,0,0,4,0,0,0,0,25.92,100,0,0,  ,0,N,5,5,277200,277200,0,0,0,0,0,                                        ,                                   ,0,6.02,0,6.5,1,1018950063,0,199,993779,233207,5c , ,107N063 ,10703,     ,0,          ,1, , ,17V1  
MN,1895,64,109,199,1000,3,7,10025,E047,26,16,2310,1,9,1A,606 WEST 114 STREET         ,R8       ,         ,         ,         ,    ,    ,      ,      ,      ,     ,N,W6,8,0,X,TRUSTEES OF COLUMBIA ,1413,3688,3688,0,0,0,0,0,0,3688,2,1,4,0,1,14,100.92,14,75,  ,3,N,5,2,65250,161100,65250,161100,1920,0,0,                                        ,                                   ,2.61,6.02,0,6.5,1,1018950064,0,199,993748,233224,5c , ,107N063 ,10703,     ,0,          ,1, , ,17V1  
MN,1895,65,109,199,1000,3,7,10025,E047,26,16,2310,1,9,1A,610 WEST 114 STREET         ,R8       ,         ,         ,         ,    ,    ,      ,      ,      ,     ,N,H8,8,0,X,TRUSTEES OF COLUMBIA ,1413,3688,0,0,0,0,0,0,0,0,2,1,4,0,1,14,100.92,14,75,  ,3,N,5,2,168750,356850,168750,356850,1920,0,0,                                        ,                                   ,2.61,6.02,0,6.5,1,1018950065,0,199,993723,233238,5c , ,107N063 ,10703,     ,0,          ,1, , ,17V1  
MN,1895,66,109,199,1000,3,7,10025,E047,26,16,2310,1,9,1A,614 WEST 114 STREET         ,R8       ,         ,         ,         ,    ,    ,      ,      ,      ,     ,N,H8,8,0,X,TRUSTEES OF COLUMBIA ,1413,3688,0,0,0,0,0,0,0,0,2,1,4,0,1,14,100.92,14,76,  ,3,N,5,2,168750,356850,168750,356850,1920,0,0,                                        ,                                   ,2.61,6.02,0,6.5,1,1018950066,0,199,993698,233252,5c , ,107N063 ,10703,     ,0,          ,1, , ,17V1  
MN,1895,67,109,199,1000,3,7,10025,E047,26,16,2310,1,9,1A,616 WEST 114 STREET         ,R8       ,         ,         ,         ,    ,    ,      ,      ,      ,     ,N,H8,8,0,X,TRUSTEES OF COLUMBIA ,1514,3900,0,0,0,0,0,0,0,0,2,1,4,0,1,15,100.92,15,75,  ,2,N,5,2,180900,226350,180900,226350,1920,1988,0,                                        ,                                   ,2.58,6.02,0,6.5,1,1018950067,0,199,993686,233259,5c , ,107N063 ,10703,     ,0,          ,1, , ,17V1  
MN,1895,68,109,199,1000,3,7,10025,E047,26,16,2310,1,9,1A,618 WEST 114 STREET         ,R8       ,         ,         ,         ,    ,    ,      ,      ,      ,     ,N,V1,11,0, ,TRUSTEES OF COLUMBIA ,2523,0,0,0,0,0,0,0,0,0,4,0,0,0,0,25,100.92,0,0,  ,0,N,5,5,269550,269550,0,0,0,0,0,                                        ,                                   ,0,6.02,0,6.5,1,1018950068,0,199,993669,233268,5c , ,107N063 ,10703,     ,0,          ,1, , ,17V1  
MN,1895,72,109,199,1000,3,7,10025,E047,26,16,2310,1,9,1A,626 WEST 114 STREET         ,R8       ,         ,         ,         ,    ,    ,      ,      ,      ,     ,N,D1,3,0,P,TRUSTEES OF COLUMBIA ,7569,31906,0,31906,0,0,0,0,0,0,2,1,6,124,124,75,100.92,74,86,  ,3,N,5,2,270000,1676700,270000,1676700,1905,0,0,                                        ,                                   ,4.22,6.02,0,6.5,1,1018950072,0,199,993559,233328,5c , ,107N063 ,10703,     ,0,          ,1, , ,17V1  
MN,1895,78,109,199,1000,3,7,10025,E047,26,16,2310,1,9,1A,415 RIVERSIDE DRIVE         ,R8       ,         ,         ,         ,    ,    ,      ,      ,      ,     ,N,C5,2,0, ,TRUSTEES OF COLUMBIA ,2403,8200,0,8200,0,0,0,0,0,0,2,1,5,9,9,25.75,93.33,25,78,  ,3,Y,5,1,82541,322303,75938,296520,1910,0,0,                                        ,                                   ,3.41,6.02,0,6.5,1,1018950078,0,199,993464,233363,5c , ,107N063 ,10703,     ,0,          ,1, , ,17V1  
MN,1895,129,109,199,1007,3,7,10025,E047,26,16,2310,1,9,1A,614 WEST 113 STREET         ,R8       ,         ,         ,         ,    ,    ,      ,      ,      ,     ,N,H8,8,0,X,TRUSTEES OF COLUMBIA ,1817,5910,0,0,0,0,0,0,0,0,2,1,5,0,1,18,100.92,18,69,  ,3,N,5,2,216900,495000,216900,495000,1920,0,0,                                        ,                                   ,3.25,6.02,0,6.5,1,1018950129,0,199,993553,233035,5c , ,107N063 ,10703,     ,0,          ,1, , ,17V1  
MN,1895,163,109,199,1000,3,7,10025,E047,26,16,2310,1,9,1A,604 WEST 114 STREET         ,R8       ,         ,         ,         ,    ,    ,      ,      ,      ,     ,N,H8,8,0,X,TRUSTEES OF COLUMBIA ,1514,3900,0,0,0,0,0,0,0,0,2,1,4,0,1,15,100.92,15,75,  ,2,N,5,2,180900,245700,180900,245700,1920,2006,0,                                        ,                                   ,2.58,6.02,0,6.5,1,1018950163,0,199,993761,233217,5c , ,107N063 ,10703,     ,0,          ,1, , ,17V1  
MN,1895,164,109,199,1000,3,7,10025,E047,26,16,2310,1,9,1A,608 WEST 114 STREET         ,R8       ,         ,         ,         ,    ,    ,      ,      ,      ,     ,N,C5,2,0, ,TRUSTEES OF COLUMBIA ,1413,3688,0,3688,0,0,0,0,0,0,2,1,4,9,9,14,100.92,14,76,  ,3,N,5,2,35772,103932,31837,92499,1900,1987,0,                                        ,                                   ,2.61,6.02,0,6.5,1,1018950164,0,199,993736,233231,5c , ,107N063 ,10703,     ,0,          ,1, , ,17V1  
MN,1895,165,109,199,1000,3,7,10025,E047,26,16,2310,1,9,1A,612 WEST 114 STREET         ,R8       ,         ,         ,         ,    ,    ,      ,      ,      ,     ,N,H8,8,0,P,TRUSTEES OF COLUMBIA ,1413,3688,0,0,0,0,0,0,0,0,2,1,4,0,1,14,100.92,14,75,  ,3,N,5,2,168750,261000,168750,261000,1920,0,0,                                        ,                                   ,2.61,6.02,0,6.5,1,1018950165,0,199,993711,233245,5c , ,107N063 ,10703,     ,0,          ,1, , ,17V1  
MN,1896,28,109,205,3000,3,7,10025,E047,26,16,8800,1,9,1A,604 WEST 115 STREET         ,R8       ,         ,         ,         ,C1-4,    ,      ,      ,      ,     ,N,D1,3,0, ,TRUSTEES OF COLUMBIA ,5046,26950,0,26950,0,0,0,0,0,0,2,1,7,28,28,50,100.92,50,90,  ,2,N,5,2,184050,1207800,169326,1111176,1925,1987,0,                                        ,                                   ,5.34,6.02,0,6.5,1,1018960028,0,205,993917,233430,5c , ,107N063 ,10703,     ,0,          ,1, , ,17V1  
MN,1896,32,109,205,3000,3,7,10025,E047,26,16,8800,1,9,1A,608 WEST 115 STREET         ,R8       ,         ,         ,         ,    ,    ,      ,      ,      ,     ,N,D3,3,0, ,TRUSTEES OF COLUMBIA ,5046,30568,0,30568,0,0,0,0,0,0,2,1,9,35,35,50,100.92,50,80,  ,2,N,5,2,315000,1481400,245700,1155492,1911,0,0,                                        ,                                   ,6.06,6.02,0,6.5,1,1018960032,0,205,993829,233478,5c , ,107N063 ,10703,     ,0,          ,1, , ,17V1  
MN,1896,34,109,205,3000,3,7,10025,E047,26,16,8800,1,9,1A,612 WEST 115 STREET         ,R8       ,         ,         ,         ,    ,    ,      ,      ,      ,     ,N,W6,8,0,P,TRUSTEES OF COLUMBIA ,5046,31890,31890,0,0,0,0,0,0,31890,2,1,8,26,28,50,100.92,50,84,  ,3,N,5,2,351450,1098900,351450,1098900,1906,0,0,                                        ,                                   ,6.32,6.02,0,6.5,1,1018960034,0,205,993785,233502,5c , ,107N063 ,10703,     ,0,          ,1, , ,17V1  
MN,1896,51,109,205,2000,3,7,10025,E047,26,16,8800,1,9,1A,635 WEST 115 STREET         ,R8       ,         ,         ,         ,    ,    ,      ,      ,      ,     ,N,W6,8,0,P,TRUSTEES OF COLUMBIA ,2523,5525,5525,0,0,0,0,0,0,5525,2,1,4,0,1,25,100.92,25,47,E ,2,N,5,2,94500,570600,94500,570600,1920,0,0,                                        ,                                   ,2.19,6.02,0,6.5,1,1018960051,0,205,993716,233720,5c , ,107N063 ,10703,     ,0,          ,1, , ,17V1  
MN,1896,53,109,205,2000,3,7,10025,E047,26,16,8800,1,9,1A,629 WEST 115 STREET         ,R8       ,         ,         ,         ,    ,    ,      ,      ,      ,     ,N,D3,3,0, ,TRUSTEES OF COLUMBIA ,5046,28224,0,28224,0,0,0,0,0,0,2,1,8,32,32,50,100.92,50,81,  ,3,N,5,2,175500,1159650,154440,1020492,1909,1987,0,                                        ,                                   ,5.59,6.02,0,6.5,1,1018960053,0,205,993774,233688,5c , ,107N063 ,10703,     ,0,          ,1, , ,17V1  
MN,1896,56,109,205,2000,3,7,10025,E047,26,16,8800,1,9,1A,617 WEST 115 STREET         ,R8       ,         ,         ,         ,    ,    ,      ,      ,      ,     ,N,C4,2,0,X,TRUSTEES OF COLUMBIA ,2523,10270,0,10270,0,0,0,0,0,0,2,1,6,12,12,25,100.92,25,82,  ,2,N,5,2,15300,485550,15300,485550,1910,0,0,                                        ,                                   ,4.07,6.02,0,6.5,1,1018960056,0,205,993830,233658,5c , ,107N063 ,10703,     ,0,          ,1, , ,17V1  
MN,1896,65,109,205,2000,3,7,10025,E047,26,16,8800,1,9,1A,2941 BROADWAY               ,R8       ,         ,         ,         ,C1-4,    ,      ,      ,      ,     ,N,D6,4,0,P,TRUSTEES OF COLUMBIA ,12614,126478,12184,114294,0,8000,0,0,0,4184,2,1,12,105,107,100.92,125,100,112,  ,2,N,3,2,720000,4329900,633600,3810312,1912,0,0,                                        ,                                   ,10.03,6.02,0,6.5,1,1018960065,0,205,994029,233549,5c , ,107N063 ,10703,     ,0,          ,1, , ,17V1  
MN,1896,74,109,205,2000,3,7,10027,E047,26,16,8800,1,9,1A,602 WEST 116 STREET         ,R8       ,         ,         ,         ,    ,    ,      ,      ,      ,     ,N,D3,3,0, ,DTRUSTEES OF COLUMBIA,7569,73800,0,73800,0,0,0,0,0,0,2,1,12,45,45,75,100.92,73,80,  ,2,N,5,2,405000,1501200,279450,1035828,1908,1985,0,                                        ,                                   ,9.75,6.02,0,6.5,1,1018960074,0,205,994012,233679,5c , ,107N063 ,10703,     ,0,          ,1, , ,17V1  
MN,1896,77,109,205,2000,3,7,10027,E047,26,16,8800,1,9,1A,610 WEST 116 STREET         ,R8       ,         ,         ,         ,    ,    ,      ,      ,      ,     ,N,D3,3,0, ,TRUSTEES OF COLUMBIA ,5046,33486,0,33486,0,0,0,0,0,0,2,1,10,45,45,50,100.92,50,84,  ,3,N,5,2,272250,1962450,220523,1589584,1908,1985,0,                                        ,                                   ,6.64,6.02,0,6.5,1,1018960077,0,205,993957,233709,5c , ,107N063 ,10703,     ,0,          ,1, , ,17V1  
MN,1896,79,109,205,2000,3,7,10027,E047,26,16,8800,1,9,1A,612 WEST 116 STREET         ,R8       ,         ,         ,         ,    ,    ,      ,      ,      ,     ,N,W6,8,0,X,TRUSTEES OF COLUMBIA ,2523,12218,12218,0,0,0,0,0,0,12218,2,1,5,0,1,25,100.92,25,84,  ,3,N,5,2,109350,654750,109350,654750,1925,0,0,                                        ,                                   ,4.84,6.02,0,6.5,1,1018960079,0,205,993925,233727,5c , ,107N063 ,10703,     ,0,          ,1, , ,17V1  
MN,1896,87,109,205,2000,3,7,10025,E047,26,16,8800,1,9,1A,435 RIVERSIDE DRIVE         ,R8       ,         ,         ,         ,    ,    ,      ,      ,      ,     ,N,D3,3,0, ,TRUSTEES OF COLUMBIA ,5750,61819,0,61819,0,0,0,0,0,0,2,1,12,35,35,102,103,103,93,  ,2,Y,3,2,360000,1757700,342000,1669815,1920,1989,0,                                        ,                                   ,10.75,6.02,0,6.5,1,1018960087,0,205,993746,233841,5c , ,107N063 ,10703,     ,0,          ,1, , ,17V1  
MN,1961,1,109,201.01,1000,3,7,10027,E047,26,16,1800,1,9,1B,1145 AMSTERDAM AVENUE       ,R8       ,         ,         ,         ,C1-4,    ,      ,      ,      ,     ,N,W6,8,0,P,TRUSTEES OF COLUMBIA ,117824,710600,710600,0,0,0,0,0,0,710600,2,3,9,0,1,261.83,450,70,200,  ,0,N,3,5,3870000,68378400,3870000,68378400,1923,0,0,                                        ,                                   ,6.03,6.02,0,6.5,1,1019610001,0,20101,995355,233245,5c , ,107N068 ,10707,     ,0,          ,1, , ,17V1  
MN,1961,57,109,201.01,1000,3,7,10027,E047,26,16,1800,1,9,1B,74 MORNINGSIDE DRIVE        ,R8       ,         ,         ,         ,    ,    ,      ,      ,      ,     ,N,D7,4,0,X,TRUSTEES OF COLUMBIA ,25228,365100,10870,354230,10870,0,0,0,0,0,2,1,23,157,158,201.83,125,200,50,  ,0,N,3,5,513000,15173100,513000,15173100,1980,0,0,                                        ,                                   ,14.47,6.02,0,6.5,1,1019610057,0,20101,995614,233376,5c , ,107N068 ,10707,     ,0,          ,1, , ,17V1  
MN,1962,1,109,207.01,1001,3,7,10027,E047,26,16,1800,1,9,1B,1181 AMSTERDAM AVENUE       ,R8       ,         ,         ,         ,C1-4,    ,      ,      ,      ,     ,N,D7,4,0,P,TRUSTEES OF COLUMBIA ,7483,36553,5890,30663,1987,3903,0,0,0,0,2,1,6,42,45,74.83,100,73,90,  ,2,N,3,2,155700,2137950,140130,1924155,1925,1986,0,                                        ,                                   ,4.88,6.02,0,6.5,1,1019620001,0,20701,995411,233711,5c , ,107N081 ,10707,     ,0,          ,1, , ,17V1  
MN,1962,5,109,207.01,1001,3,7,10027,E047,26,16,1800,1,9,1B,421 WEST 118 STREET         ,R8       ,         ,         ,         ,    ,    ,      ,      ,      ,     ,N,C1,2,0,P,TRUSTEES OF COLUMBIA ,5046,20976,0,20976,0,0,0,0,0,0,2,1,6,24,24,50,100.92,50,84,  ,3,N,5,2,109350,1125000,109350,1125000,1926,0,0,                                        ,                                   ,4.16,6.02,0,6.5,1,1019620005,0,20701,995484,233685,5c , ,107N081 ,10707,     ,0,          ,1, , ,17V1  
MN,1962,7,109,207.01,1001,3,7,10027,E047,26,16,1800,1,9,1B,419 WEST 118 STREET         ,R8       ,         ,         ,         ,    ,    ,      ,      ,      ,     ,N,D1,3,0, ,TRUSTEES OF COLUMBIA ,5046,21216,0,21216,0,0,0,0,0,0,2,1,6,24,24,50,100.92,50,85,  ,3,N,5,2,90450,1073700,74169,880434,1926,0,0,                                        ,                                   ,4.2,6.02,0,6.5,1,1019620007,0,20701,995528,233661,5c , ,107N081 ,10707,     ,0,          ,1, , ,17V1  
MN,1962,9,109,207.01,1001,3,7,10027,E047,26,16,1800,1,9,1B,417 WEST 118 STREET         ,R8       ,         ,         ,         ,    ,    ,      ,      ,      ,     ,N,D1,3,0, ,TRUSTEES OF COLUMBIA ,5046,21181,0,21180,0,0,0,0,0,0,2,1,6,21,21,50,100.92,50,84,  ,3,N,5,2,92250,1090800,81180,959904,1926,1985,0,                                        ,                                   ,4.2,6.02,0,6.5,1,1019620009,0,20701,995572,233637,5c , ,107N081 ,10707,     ,0,          ,1, , ,17V1  
MN,1962,11,109,207.01,1001,3,7,10027,E047,26,16,1800,1,9,1B,415 WEST 118 STREET         ,R8       ,         ,         ,         ,    ,    ,      ,      ,      ,     ,N,D1,3,0, ,TRUSTEES OF COLUMBIA ,5046,25900,0,25900,0,0,0,0,0,0,2,1,7,28,28,50,100.92,50,84,  ,3,N,5,2,112500,1290600,112500,1180479,1926,0,0,                                        ,                                   ,5.13,6.02,0,6.5,1,1019620011,0,20701,995616,233612,5c , ,107N081 ,10707,     ,0,          ,1, , ,17V1  
MN,1962,13,109,207.01,1001,3,7,10027,E047,26,16,1800,1,9,1B,405 WEST 118 STREET         ,R8       ,         ,         ,         ,    ,    ,      ,      ,      ,     ,N,D1,3,0,P,TRUSTEES OF COLUMBIA ,6055,25603,0,25602,0,0,0,0,0,0,2,1,6,24,24,60,100.92,60,87,  ,0,N,5,5,107550,1002600,103248,962496,1926,0,0,                                        ,                                   ,4.23,6.02,0,6.5,1,1019620013,0,20701,995665,233585,5c , ,107N081 ,10707,     ,0,          ,1, , ,17V1  
MN,1962,18,109,207.01,1001,3,7,10027,E047,26,16,1800,1,9,1B,80 MORNINGSIDE DRIVE        ,R8       ,         ,         ,         ,    ,    ,      ,      ,      ,     ,N,D9,3,0, ,TRUSTEES OF COLUMBIA ,9082,37722,2540,35182,2540,0,0,0,0,0,2,1,6,32,33,100.92,90,88,78,  ,2,N,3,1,159750,1103850,138982,960349,1926,1986,0,                                        ,                                   ,4.15,6.02,0,6.5,1,1019620018,0,20701,995731,233549,5c , ,107N081 ,10707,     ,0,          ,1, , ,17V1  
MN,1962,19,109,207.01,1001,3,7,10027,E047,26,16,1800,1,9,1B,88 MORNINGSIDE DRIVE        ,R8       ,         ,         ,         ,    ,    ,      ,      ,      ,     ,N,D9,3,0, ,TRUSTEES OF COLUMBIA ,17661,189905,12785,177120,0,12000,0,0,0,785,2,1,15,285,288,100.92,175,98,164,  ,0,N,3,5,508500,11106450,488160,10662192,1925,1986,0,                                        ,                                   ,10.75,6.02,0,6.5,1,1019620019,0,20701,995742,233661,5c , ,107N081 ,10707,     ,0,          ,1, , ,17V1  
MN,1962,26,109,207.01,1001,3,7,10027,E047,26,16,1800,1,9,1B,414 WEST 119 STREET         ,R8       ,         ,         ,         ,    ,    ,      ,      ,      ,     ,N,D7,4,0, ,TRUSTEES OF COLUMBIA ,12615,54100,4400,49700,0,4400,0,0,0,0,2,1,6,56,57,125,100.92,124,86,  ,2,N,5,2,221850,1969650,157513,1398427,1925,1986,0,                                        ,                                   ,4.29,6.02,0,6.5,1,1019620026,0,20701,995610,233734,5c , ,107N081 ,10707,     ,0,          ,1, , ,17V1  
MN,1962,31,109,207.01,1001,3,7,10027,E047,26,16,1800,1,9,1B,424 WEST 119 STREET         ,R8       ,         ,         ,         ,C1-4,    ,      ,      ,      ,     ,N,D1,3,0, ,TRUSTEES OF COLUMBIA ,11396,53352,0,53352,0,0,0,0,0,0,2,1,6,47,47,100,127,100,111,  ,2,Y,5,1,200700,1787400,144504,1286928,1925,0,0,                                        ,                                   ,4.68,6.02,0,6.5,1,1019620031,0,20701,995506,233783,5c , ,107N081 ,10707,     ,0,          ,1, , ,17V1  
MN,1962,38,109,207.01,1000,3,7,10027,E047,26,16,1800,1,9,1B,1201 AMSTERDAM AVENUE       ,R8       ,         ,         ,         ,C1-4,    ,      ,      ,      ,     ,N,D6,4,0, ,TRUSTEES OF COLUMBIA ,12138,87271,4023,83248,0,4023,0,0,0,0,2,1,11,116,119,80.92,150,81,135,  ,2,N,3,2,214200,4830300,179928,4057452,1912,1987,0,                                        ,                                   ,7.19,6.02,0,6.5,1,1019620038,0,20701,995560,233932,5c , ,107N081 ,10707,     ,0,          ,1, , ,17V1  
MN,1962,56,109,207.01,1000,3,7,10027,E047,26,16,1800,1,9,1B,90 MORNINGSIDE DRIVE        ,R8       ,         ,         ,         ,    ,    ,      ,      ,      ,     ,N,D9,3,0, ,TRUSTEES OF COLUMBIA ,22456,110280,13900,96380,10900,3000,0,0,0,0,2,1,6,66,69,163.33,127.5,160,130,  ,1,Y,3,1,427950,2734650,397993,2543224,1910,1988,0,                                        ,                                   ,4.91,6.02,0,6.5,1,1019620056,0,20701,995840,233821,5c , ,107N081 ,10707,     ,0,          ,1, , ,17V1  
MN,1962,61,109,207.01,1000,3,7,10027,E047,26,16,1800,1,9,1B,414 WEST 120 STREET         ,R8       ,         ,         ,         ,    ,    ,      ,      ,      ,     ,N,D1,3,0, ,TRUSTEES OF COLUMBIA ,15000,64842,0,64842,0,0,0,0,0,0,2,1,6,87,87,150,100,150,87,  ,1,N,5,2,292050,2873250,248243,2442263,1926,1987,0,                                        ,                                   ,4.32,6.02,0,6.5,1,1019620061,0,20701,995730,233920,5c , ,107N081 ,10707,     ,0,          ,1, , ,17V1  
MN,1962,70,109,207.01,1000,3,7,10027,E047,26,16,1800,1,9,1B,1211 AMSTERDAM AVENUE       ,R8       ,         ,         ,         ,C1-4,    ,      ,      ,      ,     ,N,D6,4,0, ,TRUSTEES OF COLUMBIA ,12138,87979,6159,81820,0,6159,0,0,0,0,2,1,10,111,115,80.92,150,80,142,  ,1,N,3,2,312300,5010300,281070,4509270,1913,0,0,                                        ,                                   ,7.25,6.02,0,6.5,1,1019620070,0,20701,995601,234005,5c , ,107N081 ,10707,     ,0,          ,1, , ,17V1  
MN,1963,1,109,207.01,2001,3,7,10027,E047,26,16,1800,1,9,1B,1221 AMSTERDAM AVENUE       ,R8       ,         ,         ,         ,C1-4,    ,      ,      ,      ,     ,N,D6,4,0,P,TRUSTEES OF COLUMBIA ,12615,90827,3697,87130,0,3697,0,0,0,0,2,1,10,78,80,100.92,125,100,115,  ,1,N,3,2,311850,4024800,290020,3743064,1914,1984,0,                                        ,                                   ,7.2,6.02,0,6.5,1,1019630001,0,20701,995681,234175,5c , ,107N081 ,10707,     ,0,          ,1, , ,17V1  
MN,1963,16,109,207.01,2001,3,7,10027,E047,26,16,1800,1,9,1B,100 MORNINGSIDE DRIVE       ,R8       ,         ,         ,         ,    ,    ,      ,      ,      ,     ,N,D3,3,0,X,TRUSTEES OF COLUMBIA ,13275,58860,0,58860,0,0,0,0,0,0,2,1,6,70,70,101.83,138.33,102,116,  ,0,Y,3,2,387000,3008700,387000,3008700,1910,1974,0,                                        ,                                   ,4.43,6.02,0,6.5,1,1019630016,0,20701,995928,234037,5c , ,107N081 ,10707,     ,0,          ,1, , ,17V1  
MN,1963,48,109,207.01,2000,3,7,10027,E047,26,16,1800,1,9,1B,110 MORNINGSIDE DRIVE       ,R8       ,         ,         ,         ,    ,    ,      ,      ,      ,     ,N,D1,3,0, ,TRUSTEES OF COLUMBIA ,16381,72222,0,72222,0,0,0,0,0,0,2,1,6,52,52,105.33,176.75,105,152,  ,2,Y,3,2,298800,2683800,265932,2388582,1910,1986,0,                                        ,                                   ,4.41,6.02,0,6.5,1,1019630048,0,20701,996002,234293,5c , ,107N081 ,10707,     ,0,          ,1, , ,17V1  
MN,1963,56,109,207.01,2000,3,7,10027,E047,26,16,1800,1,9,1B,130 MORNINGSIDE DRIVE       ,R8       ,         ,         ,         ,    ,    ,      ,      ,      ,     ,N,D1,3,0, ,TRUSTEES OF COLUMBIA ,9050,37248,0,37248,0,0,0,0,0,0,2,1,6,25,25,100,90.92,76,100,  ,2,N,5,2,87750,1737900,74588,1477216,1910,0,0,                                        ,                                   ,4.12,6.02,0,6.5,1,1019630056,0,20701,995934,234446,5c , ,107N081 ,10707,     ,0,          ,1, , ,17V1  
MN,1963,60,109,207.01,2000,3,7,10027,E047,26,16,1800,1,9,1B,1255 AMSTERDAM AVENUE       ,R8       ,         ,         ,         ,C1-4,    ,      ,      ,      ,     ,N,W6,8,0,X,TRUSTEES OF COLUMBIA ,25669,130228,130228,0,0,0,0,0,0,130228,2,2,0,0,2,155.67,100,0,90,  ,0,Y,3,5,1020600,57749400,1020600,57749400,2013,0,0,                                        ,                                   ,5.07,6.02,0,6.5,1,1019630060,0,20701,995800,234455,5c , ,107N081 ,10707,     ,0,          ,1, , ,17V1  
MN,1976,10,109,203,1000,3,7,10027,E047,26,16,1800,1,9,1A,527 WEST 121 STREET         ,R8       ,         ,         ,         ,    ,    ,      ,      ,      ,     ,N,D1,3,0, ,TRUSTEES OF COLUMBIA ,6728,28668,0,28668,0,0,0,0,0,0,2,1,6,24,24,66.67,100.92,67,86,  ,3,N,5,2,108900,1039050,82764,789678,1926,1988,0,                                        ,                                   ,4.26,6.02,0,6.5,1,1019760010,0,203,995195,234741,5c , ,107N079 ,10707,     ,0,          ,1, , ,17V1  
MN,1976,16,109,203,1000,3,7,10027,E047,26,16,1800,1,9,1A,519 WEST 121 STREET         ,R8       ,         ,         ,         ,    ,    ,      ,      ,      ,     ,N,D1,3,0, ,TRUSTEES OF COLUMBIA ,6728,28668,0,28668,0,0,0,0,0,0,2,1,6,34,34,66.67,100.92,67,86,  ,2,N,5,2,108900,1029150,87120,823320,1926,1988,0,                                        ,                                   ,4.26,6.02,0,6.5,1,1019760016,0,203,995312,234676,5c , ,107N079 ,10707,     ,0,          ,1, , ,17V1  
MN,1976,26,109,203,1000,3,7,10027,E047,26,16,1800,1,9,1A,503 WEST 121 STREET         ,R8       ,         ,         ,         ,    ,    ,      ,      ,      ,     ,N,D1,3,0, ,TRUSTEES OF COLUMBIA ,7194,30498,0,30498,0,0,0,0,0,0,2,1,6,30,30,75,95.92,75,81,  ,2,N,5,2,135000,2353950,132300,2306871,1910,1988,0,                                        ,                                   ,4.24,6.02,0,6.5,1,1019760026,0,203,995550,234542,5c , ,107N079 ,10707,     ,0,          ,1, , ,17V1  
MN,1976,29,109,203,1000,3,7,10027,E047,26,16,1800,1,9,1B,1240 AMSTERDAM AVENUE       ,R8       ,         ,         ,         ,C1-4,    ,      ,      ,      ,     ,N,D7,4,0,P,TRUSTEES OF COLUMBIA ,10092,45210,4000,41210,0,4000,0,0,0,0,2,1,6,36,41,100.92,100,101,86,  ,2,N,3,2,223200,1915650,133920,1149390,1926,1987,0,                                        ,                                   ,4.48,6.02,0,6.5,1,1019760029,0,203,995629,234502,5c , ,107N079 ,10707,     ,0,          ,1, , ,17V1  
MN,1976,36,109,203,1000,3,7,10027,E047,26,16,1800,1,9,1B,1254 AMSTERDAM AVENUE       ,R8       ,         ,         ,         ,C1-4,    ,      ,      ,      ,     ,N,D7,4,0, ,TRUSTEES OF COLUMBIA ,9092,50916,4820,46096,3000,1820,0,0,0,0,2,1,6,52,53,90.92,100,91,86,  ,2,N,3,2,613800,2216700,589248,2128032,1926,1982,0,                                        ,                                   ,5.6,6.02,0,6.5,1,1019760036,0,203,995679,234591,5c , ,107N079 ,10707,     ,0,          ,1, , ,17V1  
MN,1976,37,109,203,1000,3,7,10027,E047,26,16,1800,1,9,1A,502 WEST 122 STREET         ,R8       ,         ,         ,         ,    ,    ,      ,      ,      ,     ,N,D1,3,0, ,TRUSTEES OF COLUMBIA ,4796,20566,0,20566,0,0,0,0,0,0,2,1,6,24,24,50,95.92,50,82,  ,2,Y,5,2,73800,654300,54612,484182,1926,1988,0,                                        ,                                   ,4.29,6.02,0,6.5,1,1019760037,0,203,995610,234626,5c , ,107N079 ,10707,     ,0,          ,1, , ,17V1  
MN,1976,39,109,203,1000,3,7,10027,E047,26,16,1800,1,9,1A,506 WEST 122 STREET         ,R8       ,         ,         ,         ,    ,    ,      ,      ,      ,     ,N,D1,3,0, ,TRUSTEES OF COLUMBIA ,4796,20238,0,20238,0,0,0,0,0,0,2,1,6,29,29,50,95.92,50,82,  ,3,N,5,2,90000,850950,73800,697779,1910,0,0,                                        ,                                   ,4.22,6.02,0,6.5,1,1019760039,0,203,995565,234652,5c , ,107N079 ,10707,     ,0,          ,1, , ,17V1  
MN,1976,48,109,203,1000,3,7,10027,E047,26,16,1800,1,9,1A,520 WEST 122 STREET         ,R8       ,         ,         ,         ,    ,    ,      ,      ,      ,     ,N,D1,3,0, ,TRUSTEES OF COLUMBIA ,6819,29094,0,29094,0,0,0,0,0,0,2,1,6,23,23,75,90.92,75,75,  ,2,N,5,2,116550,1072800,79254,729504,1926,1988,0,                                        ,                                   ,4.27,6.02,0,6.5,1,1019760048,0,203,995358,234768,5c , ,107N079 ,10707,     ,0,          ,1, , ,17V1  
MN,1976,51,109,203,1000,3,7,10027,E047,26,16,1800,1,9,1A,524 WEST 122 STREET         ,R8       ,         ,         ,         ,    ,    ,      ,      ,      ,     ,N,C1,2,0, ,TRUSTEES OF COLUMBIA ,3789,15156,0,15156,0,0,0,0,0,0,2,1,6,23,23,41.67,90.92,42,76,  ,3,N,5,2,74700,767700,64242,660222,1910,0,0,                                        ,                                   ,4,6.02,0,6.5,1,1019760051,0,203,995306,234797,5c , ,107N079 ,10707,     ,0,          ,1, , ,17V1  
MN,1976,53,109,203,1000,3,7,10027,E047,26,16,1800,1,9,1A,526 WEST 122 STREET         ,R8       ,         ,         ,         ,    ,    ,      ,      ,      ,     ,N,C1,2,0, ,TRUSTEES OF COLUMBIA ,3789,14856,0,14856,0,0,0,0,0,0,2,1,6,23,23,41.67,90.92,42,76,  ,3,N,5,2,74250,715050,61628,593491,1905,1986,0,                                        ,                                   ,3.92,6.02,0,6.5,1,1019760053,0,203,995270,234817,5c , ,107N079 ,10707,     ,0,          ,1, , ,17V1  
MN,1976,56,109,203,1000,3,7,10027,E047,26,16,1800,1,9,1A,532 WEST 122 STREET         ,R8       ,         ,         ,         ,    ,    ,      ,      ,      ,     ,N,G1,10,0, ,TRUSTEES OF COLUMBIA ,9092,40160,40160,0,0,0,40160,0,0,0,2,1,4,0,1,100,90.92,100,86,  ,2,N,5,2,207000,1508400,0,0,1926,2006,0,                                        ,                                   ,4.42,6.02,0,6.5,1,1019760056,0,203,995171,234871,5c , ,107N079 ,10707,     ,0,          ,1, , ,17V1  
MN,1976,61,109,203,1000,3,7,10027,E047,26,16,1800,1,9,1A,3074 BROADWAY               ,R8       ,         ,         ,         ,    ,    ,      ,      ,      ,     ,N,D1,3,0, ,TRUSTEES OF COLUMBIA ,9200,41184,3000,38184,0,3000,0,0,0,0,2,1,6,35,35,92,100,92,88,  ,2,N,3,2,178200,1227150,122958,846733,1926,1989,0,                                        ,                                   ,4.48,6.02,0,6.5,1,1019760061,0,203,995079,234921,5c , ,107N079 ,10707,     ,0,          ,1, , ,17V1  
MN,1986,6,109,219,2002,5,7,10027,E080,26,16,1100,1,9,2B,573 WEST 131 STREET         ,C6-1     ,         ,         ,         ,    ,    ,MMU   ,      ,      ,     ,N,E7,6,0,P,TRUSTEES OF COLUMBIA ,6811,28000,28000,0,0,0,0,28000,0,0,2,1,4,0,1,68.17,99.92,68,99,  ,1,N,5,2,306450,1291500,0,0,1917,2008,0,                                        ,                                   ,4.11,3.44,6,6.5,1,1019860006,0,219,996392,237106,6a , ,111S003 ,10707,R-146,0,          ,1, , ,17V1  
MN,1986,10,109,219,2002,5,7,10027,E080,26,16,1100,1,9,2B,555 WEST 131 STREET         ,C6-1     ,         ,         ,         ,    ,    ,MMU   ,      ,      ,     ,N,G1,10,0, ,TRUSTEES OF COLUMBIA ,7524,7800,7800,0,0,0,7800,0,0,0,2,1,1,0,1,75,100.33,75,100,  ,2,N,3,0,101250,442350,0,0,1925,0,0,                                        ,                                   ,1.04,3.44,6,6.5,1,1019860010,0,219,996453,237072,6a , ,111S003 ,10707,R-146,0,          ,1, , ,17V1  
MN,1986,65,109,219,2002,5,7,10027,E080,26,16,1100,1,9,2A,3280 BROADWAY               ,C6-1     ,         ,         ,         ,    ,    ,MMU   ,      ,      ,     ,N,O6,5,0,P,TRUSTEES OF COLUMBIA ,30675,184044,184044,0,134612,35332,14100,0,0,0,2,1,8,0,11,199.83,185,199,185,  ,0,Y,3,5,549000,11794050,148230,3184394,1927,1990,1995,                                        ,                                   ,6,3.44,6,6.5,1,1019860065,0,219,996489,237399,6a , ,111S003 ,10707,R-146,0,          ,1, , ,17V1  
MN,1987,9,109,219,2001,5,7,10027,E080,30,16,1100,1,9,2B,547 WEST 133 STREET         ,R7A      ,C6-1     ,         ,         ,    ,    ,MMU   ,      ,      ,     ,Y,G1,10,0, ,TRUSTEES OF COLUMBIA ,7494,14238,14238,0,0,0,14238,0,0,0,2,1,2,0,2,75,99.92,75,100,  ,3,N,5,2,121500,661500,0,0,1970,0,0,                                        ,                                   ,1.9,4,0,4,1,1019870009,0,219,996711,237521,6a , ,111S012 ,10707,R-148,0,          ,1, , ,17V1  
MN,1990,5,109,205,1009,3,7,10027,E047,26,16,8800,1,9,1Q,15 CLAREMONT AVENUE         ,R8       ,         ,         ,         ,    ,    ,      ,      ,      ,     ,N,D3,3,0, ,TRUSTEES OF COLUMBIA ,8400,55960,0,55960,0,0,0,0,0,0,2,1,10,27,27,119.75,64.5,119.75,53,  ,0,Y,5,2,194400,1782000,190512,1746360,1909,0,0,                                        ,                                   ,6.66,6.02,0,6.5,1,1019900005,0,205,994002,234039,5c , ,107N064 ,10707,     ,0,          ,1, , ,17V1  
MN,1990,10,109,205,1009,3,7,10027,E047,26,16,8800,1,9,1Q,21 CLAREMONT AVENUE         ,R8       ,         ,         ,         ,    ,    ,      ,      ,      ,     ,N,D3,3,0, ,TRUSTEES OF COLUMBIA ,8400,58750,2000,56750,2000,0,0,0,0,0,2,1,10,47,47,84,100,84,94,  ,2,N,5,1,194400,2091150,178848,1923858,1910,1988,1993,                                        ,                                   ,6.99,6.02,0,6.5,1,1019900010,0,205,994042,234134,5c , ,107N064 ,10707,     ,0,          ,1, , ,17V1  
MN,1990,13,109,205,1009,3,7,10027,E047,26,16,8800,1,9,1Q,25 CLAREMONT AVENUE         ,R8       ,         ,         ,         ,    ,    ,      ,      ,      ,     ,N,D3,3,0,X,TRUSTEES OF COLUMBIA ,7815,60104,0,60104,0,0,0,0,0,0,2,1,11,32,32,78.08,100,78,80,  ,3,N,5,2,175050,1748250,175050,1748250,1910,1988,0,                                        ,                                   ,7.69,6.02,0,6.5,1,1019900013,0,205,994081,234205,5c , ,107N064 ,10707,     ,0,          ,1, , ,17V1  
MN,1990,22,109,205,1009,3,7,10027,E047,26,16,8800,1,9,1Q,29 CLAREMONT AVENUE         ,R8       ,         ,         ,         ,    ,    ,      ,      ,      ,     ,N,D3,3,0, ,TRUSTEES OF COLUMBIA ,5668,42691,0,42691,0,0,0,0,0,0,2,1,11,22,22,56.67,100,57,80,  ,3,N,5,2,135900,1493550,120951,1329260,1910,0,0,                                        ,                                   ,7.53,6.02,0,6.5,1,1019900022,0,205,994114,234264,5c , ,107N064 ,10707,     ,0,          ,1, , ,17V1  
MN,1990,25,109,205,1009,3,7,10027,E047,26,16,8800,1,9,1Q,35 CLAREMONT AVENUE         ,R8       ,         ,         ,         ,    ,    ,      ,      ,      ,     ,N,D3,3,0, ,TRUSTEES OF COLUMBIA ,5668,42691,0,42691,0,0,0,0,0,0,2,1,11,22,22,56.67,100,54,80,  ,3,N,3,2,108900,1438650,96921,1280399,1910,0,0,                                        ,                                   ,7.53,6.02,0,6.5,1,1019900025,0,205,994142,234314,5c , ,107N064 ,10707,     ,0,          ,1, , ,17V1  
MN,1990,29,109,205,1009,3,7,10027,E047,26,16,8800,1,9,1A,39 CLAREMONT AVENUE         ,R8       ,         ,         ,         ,    ,    ,      ,      ,      ,     ,N,D3,3,0, ,TRUSTEES OF COLUMBIA ,10000,74634,0,74634,0,0,0,0,0,0,2,1,11,44,44,100,100,100,80,  ,3,N,5,1,232650,2419650,214038,2226078,1911,1988,0,                                        ,                                   ,7.46,6.02,0,6.5,1,1019900029,0,205,994179,234382,5c , ,107N064 ,10707,     ,0,          ,1, , ,17V1  
MN,1990,33,109,205,1009,3,7,10027,E047,26,16,8800,1,9,1A,47 CLAREMONT AVENUE         ,R8       ,         ,         ,         ,    ,    ,      ,      ,      ,     ,N,W6,8,0,X,TRUSTEES OF COLUMBIA ,6250,26302,26302,0,0,0,0,0,0,26302,2,1,6,0,1,62.5,100,62.5,87,  ,0,N,5,2,183150,2713500,183150,2713500,1920,0,0,                                        ,                                   ,4.21,6.02,0,6.5,1,1019900033,0,205,994219,234453,5c , ,107N064 ,10707,     ,0,          ,1, , ,17V1  
MN,1990,44,109,205,1009,3,7,10027,E047,26,16,8800,1,9,1Q,464 RIVERSIDE DRIVE         ,R8       ,         ,         ,         ,    ,    ,      ,      ,      ,     ,N,D3,3,0, ,TRUSTEES OF COLUMBIA ,6250,50120,0,50120,0,0,0,0,0,0,2,1,12,25,25,62.5,100,63,78,  ,3,N,5,2,135450,1392300,130032,1336608,1910,1989,0,                                        ,                                   ,8.02,6.02,0,6.5,1,1019900044,0,205,994112,234469,5c , ,107N064 ,10707,     ,0,          ,1, , ,17V1  
MN,1990,50,109,205,1009,3,7,10027,E047,26,16,8800,1,9,1Q,460 RIVERSIDE DRIVE         ,R8       ,         ,         ,         ,    ,    ,      ,      ,      ,     ,N,D3,3,0, ,TRUSTEES OF COLUMBIA ,6250,50120,0,50120,0,0,0,0,0,0,2,1,12,25,25,62.5,100,63,78,  ,3,N,5,2,136350,1649250,132259,1599772,1910,0,0,                                        ,                                   ,8.02,6.02,0,6.5,1,1019900050,0,205,994082,234415,5c , ,107N064 ,10707,     ,0,          ,1, , ,17V1  
MN,1990,52,109,205,1009,3,7,10027,E047,26,16,8800,1,9,1Q,456 RIVERSIDE DRIVE         ,R8       ,         ,         ,         ,    ,    ,      ,      ,      ,     ,N,D3,3,0, ,TRUSTEES OF COLUMBIA ,5668,47327,0,47327,0,0,0,0,0,0,2,1,12,45,45,56.67,100,57,80,  ,3,N,5,2,135900,1954800,108720,1563840,1911,1988,0,                                        ,                                   ,8.35,6.02,0,6.5,1,1019900052,0,205,994053,234363,5c , ,107N064 ,10707,     ,0,          ,1, , ,17V1  
MN,1990,53,109,205,1009,3,7,10027,E047,26,16,8800,1,9,1Q,454 RIVERSIDE DRIVE         ,R8       ,         ,         ,         ,    ,    ,      ,      ,      ,     ,N,D3,3,0, ,TRUSTEES OF COLUMBIA ,5668,46922,0,46922,0,0,0,0,0,0,2,1,12,36,36,56.67,100,57,82,  ,3,N,5,2,135450,1669950,119196,1469556,1911,1987,0,                                        ,                                   ,8.28,6.02,0,6.5,1,1019900053,0,205,994025,234313,5c , ,107N064 ,10707,     ,0,          ,1, , ,17V1  
MN,1990,54,109,205,1009,3,7,10027,E047,26,16,8800,1,9,1Q,452 RIVERSIDE DRIVE         ,R8       ,         ,         ,         ,    ,    ,      ,      ,      ,     ,N,D3,3,0, ,TRUSTEES OF COLUMBIA ,7815,49101,0,49100,0,0,0,0,0,0,2,1,9,54,54,78.08,100,78,82,  ,3,N,5,2,174600,1870650,158886,1702290,1910,1988,0,                                        ,                                   ,6.28,6.02,0,6.5,1,1019900054,0,205,993993,234254,5c , ,107N064 ,10707,     ,0,          ,1, , ,17V1  
MN,1990,61,109,205,1009,3,7,10027,E047,26,16,8800,1,9,1Q,450 RIVERSIDE DRIVE         ,R8       ,         ,         ,         ,    ,    ,      ,      ,      ,     ,N,D3,3,0, ,TRUSTEES OF COLUMBIA ,8400,58840,1644,57196,1644,0,0,0,0,0,2,1,10,31,32,84,100,84,80,  ,3,N,5,2,193500,1727100,179955,1606203,1909,1988,0,                                        ,                                   ,7,6.02,0,6.5,1,1019900061,0,205,993953,234183,5c , ,107N064 ,10707,     ,0,          ,1, , ,17V1  
MN,1990,64,109,205,1009,3,7,10027,E047,26,16,8800,1,9,1Q,448 RIVERSIDE DRIVE         ,R8       ,         ,         ,         ,    ,    ,      ,      ,      ,     ,N,D3,3,0, ,TRUSTEES OF COLUMBIA ,7615,60576,0,60576,0,0,0,0,0,0,2,1,12,25,25,58.75,135.42,59,108,  ,3,Y,5,2,174600,1597500,118728,1086300,1910,1988,0,                                        ,                                   ,7.95,6.02,0,6.5,1,1019900064,0,205,993933,234113,5c , ,107N064 ,10707,     ,0,          ,1, , ,17V1  
MN,1990,67,109,205,1009,3,7,10027,E047,26,16,8800,1,9,1Q,445 RIVERSIDE DRIVE         ,R8       ,         ,         ,         ,    ,    ,      ,      ,      ,     ,N,D3,3,0,X,TRUSTEES OF COLUMBIA ,6935,55056,0,55056,0,0,0,0,0,0,2,1,12,25,25,58.75,123.83,59,98,  ,3,Y,5,2,147150,1959300,147150,1959300,1910,1988,0,                                        ,                                   ,7.94,6.02,0,6.5,1,1019900067,0,205,993899,234064,5c , ,107N064 ,10707,     ,0,          ,1, , ,17V1  
MN,1993,39,109,211,3001,5,7,10027,E047,26,16,1400,1,9,1A,124 LA SALLE STREET         ,R8       ,         ,         ,         ,    ,    ,      ,      ,      ,     ,N,C4,2,0,P,TRUSTEES OF COLUMBIA ,1800,6995,0,6995,0,0,0,0,0,0,2,1,5,14,14,18,100.92,18,87,  ,3,N,5,2,20700,365850,20700,365850,1901,1988,0,                                        ,                                   ,3.89,6.02,0,6.5,1,1019930039,0,211,995217,235758,5c , ,107N078 ,10707,     ,0,          ,1, , ,17V1  
MN,1993,53,109,211,3001,5,7,10027,E047,26,16,1400,1,9,1A,146 CLAREMONT AVENUE        ,R8       ,         ,         ,         ,    ,    ,      ,      ,      ,     ,N,D1,3,0, ,TRUSTEES OF COLUMBIA ,10725,43560,0,43560,0,0,0,0,0,0,2,1,6,48,48,100,102.5,100,96,  ,3,Y,5,2,229050,1842300,210726,1694916,1940,1984,0,                                        ,                                   ,4.06,6.02,0,6.5,1,1019930053,0,211,995046,235565,5c , ,107N078 ,10707,     ,0,          ,1, , ,17V1  
MN,1994,45,109,211,1009,5,7,10027,E047,26,16,1400,1,9,2A,528 RIVERSIDE DRIVE         ,R8       ,         ,         ,         ,    ,    ,      ,      ,      ,     ,N,D1,3,0, ,TRUSTEES OF COLUMBIA ,7393,29274,0,29274,0,0,0,0,0,0,2,1,6,33,33,80,95,80,80,  ,3,Y,5,2,161100,1548000,140157,1346761,1926,0,0,                                        ,                                   ,3.96,6.02,0,6.5,1,1019940045,0,211,994980,236010,5c , ,107N078 ,10707,     ,0,          ,1, , ,17V1  
MN,1994,59,109,211,1009,5,7,10027,E047,26,16,1400,1,9,1A,179 CLAREMONT AVENUE        ,R8       ,         ,         ,         ,    ,    ,      ,      ,      ,     ,N,V1,11,0, ,TRUSTEES OF COLUMBIA ,2500,0,0,0,0,0,0,0,0,0,4,0,0,0,0,25,100,0,0,  ,0,N,5,5,266850,266850,0,0,0,0,0,                                        ,                                   ,0,6.02,0,6.5,1,1019940059,0,211,995075,235993,5c , ,107N078 ,10707,     ,0,          ,1, , ,17V1  
MN,1994,60,109,211,1009,5,7,10027,E047,26,16,1400,1,9,1A,181 CLAREMONT AVENUE        ,R8       ,         ,         ,         ,    ,    ,      ,      ,      ,     ,N,D1,3,0,X,TRUSTEES OF COLUMBIA ,5000,20484,0,20484,0,0,0,0,0,0,2,1,6,24,24,50,100,50,85,  ,2,N,5,2,123750,922500,123750,922500,1926,0,0,                                        ,                                   ,4.1,6.02,0,6.5,1,1019940060,0,211,995093,236026,5c , ,107N078 ,10707,     ,0,          ,1, , ,17V1  
MN,1994,72,109,211,1009,5,7,10027,E047,26,16,1400,1,9,1A,195 CLAREMONT AVENUE        ,R8       ,         ,         ,         ,    ,    ,      ,      ,      ,     ,N,D7,4,0,P,TRUSTEES OF COLUMBIA ,13650,63194,1422,61772,0,1422,0,0,0,0,2,1,6,58,59,150,91,140,90,  ,2,N,3,2,314550,2821050,264222,2369682,1925,1988,0,                                        ,                                   ,4.63,6.02,0,6.5,1,1019940072,0,211,995268,236333,5c , ,107N078 ,10707,     ,0,          ,1, , ,17V1  
MN,1994,81,109,211,1009,5,7,10027,E047,26,16,1400,1,9,2Q,549 RIVERSIDE DRIVE         ,R8       ,         ,         ,         ,    ,    ,      ,      ,      ,     ,N,D7,4,0,P,TRUSTEES OF COLUMBIA ,11020,50886,1000,49886,0,1000,0,0,0,0,2,1,6,60,61,116,95,104,95,  ,2,N,3,0,255150,2214450,232187,2015150,1925,1988,0,                                        ,                                   ,4.62,6.02,0,6.5,1,1019940081,0,211,995194,236394,5c , ,107N078 ,10707,     ,0,          ,1, , ,17V1  
MN,1994,84,109,211,1009,5,7,10027,E047,26,16,1400,1,9,2Q,548 RIVERSIDE DRIVE         ,R8       ,         ,         ,         ,    ,    ,      ,      ,      ,     ,N,D1,3,0, ,TRUSTEES OF COLUMBIA ,10260,42762,0,42762,0,0,0,0,0,0,2,1,6,25,25,108,95,108,80,  ,3,N,5,2,219150,1467900,175320,1174320,1926,1988,0,                                        ,                                   ,4.17,6.02,0,6.5,1,1019940084,0,211,995139,236294,5c , ,107N078 ,10707,     ,0,          ,1, , ,17V1  
MN,1994,88,109,211,1009,5,7,10027,E047,26,16,1400,1,9,2A,547 RIVERSIDE DRIVE         ,R8       ,         ,         ,         ,    ,    ,      ,      ,      ,     ,N,D1,3,0, ,TRUSTEES OF COLUMBIA ,9988,41967,0,41967,0,0,0,0,0,0,2,1,6,36,36,108.17,95,108,80,  ,3,Y,5,1,214200,1942650,173502,1573548,1926,1984,0,                                        ,                                   ,4.2,6.02,0,6.5,1,1019940088,0,211,995085,236199,5c , ,107N091 ,10707,     ,0,          ,1, , ,17V1  
MN,1994,93,109,211,1009,5,7,10027,E047,26,16,1400,1,9,2A,530 RIVERSIDE DRIVE         ,R8       ,         ,         ,         ,    ,    ,      ,      ,      ,     ,N,D1,3,0, ,TRUSTEES OF COLUMBIA ,10320,44052,0,44052,0,0,0,0,0,0,2,1,6,52,52,120,86,120,73,  ,3,N,5,1,221400,1912050,197046,1701726,1926,1987,0,                                        ,                                   ,4.27,6.02,0,6.5,1,1019940093,0,211,995026,236100,5c , ,107N078 ,10707,     ,0,          ,1, , ,17V1  
MN,1995,40,109,211,2000,5,7,10027,E047,26,16,1400,1,9,2A,614 WEST 125 STREET         ,R8       ,         ,         ,         ,C2-4,    ,      ,      ,      ,     ,N,K1,5,0,P,TRUSTEES OF COLUMBIA ,13975,13590,13590,0,0,13590,0,0,0,0,2,1,1,0,3,125.67,150,43,56,  ,0,Y,5,0,239400,1096650,239400,1096650,1920,1986,0,                                        ,                                   ,0.97,6.02,0,6.5,1,1019950040,0,211,995535,236624,5c , ,107N092 ,10707,     ,0,          ,1, , ,17V1  
MN,1995,44,109,211,2000,5,7,10027,E047,26,16,1400,1,9,2A,628 WEST 125 STREET         ,R8       ,         ,         ,         ,    ,    ,      ,      ,      ,     ,N,W6,8,0,P,TRUSTEES OF COLUMBIA ,27609,95974,95974,0,0,0,0,0,0,95974,2,1,4,0,2,184.08,150,184,150,  ,2,N,5,2,918000,6617700,918000,6617700,1934,1982,0,                                        ,                                   ,3.48,6.02,0,6.5,1,1019950044,0,211,995445,236744,5c , ,107N092 ,10707,     ,0,          ,1, , ,17V1  
MN,1995,63,109,211,2000,5,7,10027,E047,26,16,1400,1,9,2Q,564 RIVERSIDE DRIVE         ,R8       ,         ,         ,         ,    ,    ,      ,      ,      ,     ,N,D3,3,0, ,TRUSTEES OF COLUMBIA ,42200,339104,137000,202104,0,0,137000,0,0,0,2,1,26,182,182,84.17,265,84.17,265,  ,0,Y,5,5,1048500,7861500,1017045,7625654,1964,0,0,                                        ,                                   ,8.04,6.02,0,6.5,1,1019950063,0,211,995225,236888,5c , ,107N092 ,10707,     ,0,          ,1, , ,17V1  
MN,1996,23,109,219,1010,5,7,10027,E037,26,16,1100,1,9,2A,603 WEST 129 STREET         ,C6-1     ,         ,         ,         ,    ,    ,MMU   ,      ,      ,     ,N,W6,8,0,P,TRUSTEES OF COLUMBIA ,79621,557149,557149,0,0,17065,0,0,0,285668,2,1,9,0,2,400,199.1,150,200,  ,1,N,3,2,21871215,98397765,21871215,21871215,2014,2010,0,                                        ,                                   ,7,3.44,6,6.5,1,1019960023,0,219,995744,236930,5c , ,107N092 ,10707,R-144,1019960023,7/15/2015,1, , ,17V1  
MN,1998,3,109,219,1008,5,7,10027,E080,26,16,1100,1,9,2A,2307 JOE DIMAGGIO HIGHWAY   ,C6-1     ,         ,         ,         ,    ,    ,MMU   ,      ,      ,     ,N,V1,11,0,X,TRUSTEES OF COLUMBIA ,6992,0,0,0,0,0,0,0,0,0,4,0,0,0,0,69.92,100,0,0,  ,0,N,5,5,663300,663300,663300,663300,0,0,0,                                        ,                                   ,0,3.44,6,6.5,1,1019980003,0,219,995513,237610,5c , ,111S002 ,10707,E-188,0,          ,1, , ,17V1  
MN,2123,36,112,251,1008,6,10,10032,E067,33,17,400,1,12,1A,506 WEST 166 STREET         ,R7-2     ,         ,         ,         ,    ,    ,      ,      ,      ,     ,N,V1,11,0, ,TRUSTEES OF COLUMBIA ,2625,0,0,0,0,0,0,0,0,0,4,0,0,0,0,25,107.83,0,0,  ,0,N,5,5,257850,257850,0,0,0,0,0,                                        ,                                   ,0,3.44,0,6.5,1,1021230036,0,251,       ,       ,3b , ,111N093 ,10801,     ,0,          ,1, , ,17V1  
MN,2139,80,112,255,     ,6,10,     ,E067,33,17,8700, ,  ,  ,        WEST 168 STREET     ,R8       ,         ,         ,         ,    ,    ,      ,      ,      ,     ,N,V6,11,0,P,TRUSTEES OF COLUMBIA ,8550,0,0,0,0,0,0,0,0,0,4,0,0,0,0,41.08,34,0,0,  ,0,Y,5,5,867150,867150,867150,867150,0,0,0,                                        ,                                   ,0,6.02,0,6.5,1,1021390080,0,255,       ,       ,3b , ,111N090 ,10802,     ,0,          ,1, , ,17V1  
MN,2139,210,112,255,1010,6,10,10032,E067,33,17,8700,1,12,1B,52 HAVEN AVENUE             ,R8       ,         ,         ,         ,    ,    ,      ,      ,      ,     ,N,I9,8,0,X,TRUSTEES OF COLUMBIA ,28960,136608,136608,0,0,0,0,0,0,136608,2,1,11,0,1,180.58,143.92,175,80,  ,0,Y,5,5,675000,13342950,675000,13342950,1919,0,0,                                        ,                                   ,4.72,6.02,0,6.5,1,1021390210,0,255,999940,246544,3b , ,111N090 ,10802,     ,0,          ,1, , ,17V1  
MN,2139,275,112,255,1009,6,10,10032,E067,33,17,8700,1,12,2B,154 HAVEN AVENUE            ,R8       ,         ,         ,         ,    ,    ,      ,      ,      ,     ,N,I4,8,0,P,TRUSTEES OF COLUMBIA ,17043,84442,84442,0,0,0,0,0,0,84442,2,1,10,0,6,176,60,174,60,  ,1,Y,4,1,450000,8307000,450000,8307000,1974,0,0,                                        ,                                   ,4.95,6.02,0,6.5,1,1021390275,0,255,1000071,247604,3b , ,112 012 ,10802,     ,0,          ,1, , ,17V1  
MN,2176,5,112,265,2010,6,10,10033,E093,33,17,300,1,12,2B,390 FT WASHINGTON AVENUE    ,R7-2     ,         ,         ,         ,    ,    ,      ,      ,      ,     ,N,D7,4,0,X,TRUSTEES OF COLUMBIA ,5041,32813,5000,27813,0,0,0,0,0,5000,2,1,12,46,47,50,100.83,50,60,  ,0,N,5,2,77400,1283850,77400,1283850,2000,0,0,                                        ,                                   ,6.51,3.44,0,6.5,1,1021760005,0,265,1001112,248297,3b , ,112 014 ,10803,     ,1021760005,12/14/1999,1, , ,17V1  
